{
  "name": "workspace",
  "version": "1.0.0",
  "lockfileVersion": 3,
  "requires": true,
  "packages": {
    "": {
      "name": "workspace",
      "version": "1.0.0",
      "license": "ISC",
      "dependencies": {
        "@neondatabase/serverless": "^1.0.1",
        "@types/cors": "^2.8.19",
        "@types/express": "^5.0.3",
        "@types/memoizee": "^0.4.12",
        "@types/ws": "^8.18.1",
        "cors": "^2.8.5",
        "drizzle-kit": "^0.31.4",
        "drizzle-orm": "^0.44.3",
        "express": "^5.1.0",
        "memoizee": "^0.4.17",
        "openid-client": "^6.6.2",
        "ts-node": "^10.9.2",
        "tsx": "^4.20.3",
        "typescript": "^5.8.3",
        "ws": "^8.18.3"
      }
    },
    "node_modules/@cspotcode/source-map-support": {
      "version": "0.8.1",
      "resolved": "https://registry.npmjs.org/@cspotcode/source-map-support/-/source-map-support-0.8.1.tgz",
      "integrity": "sha512-IchNf6dN4tHoMFIn/7OE8LWZ19Y6q/67Bmf6vnGREv8RSbBVb9LPJxEcnwrcwX6ixSvaiGoomAUvu4YSxXrVgw==",
      "license": "MIT",
      "dependencies": {
        "@jridgewell/trace-mapping": "0.3.9"
      },
      "engines": {
        "node": ">=12"
      }
    },
    "node_modules/@drizzle-team/brocli": {
      "version": "0.10.2",
      "resolved": "https://registry.npmjs.org/@drizzle-team/brocli/-/brocli-0.10.2.tgz",
      "integrity": "sha512-z33Il7l5dKjUgGULTqBsQBQwckHh5AbIuxhdsIxDDiZAzBOrZO6q9ogcWC65kU382AfynTfgNumVcNIjuIua6w==",
      "license": "Apache-2.0"
    },
    "node_modules/@esbuild-kit/core-utils": {
      "version": "3.3.2",
      "resolved": "https://registry.npmjs.org/@esbuild-kit/core-utils/-/core-utils-3.3.2.tgz",
      "integrity": "sha512-sPRAnw9CdSsRmEtnsl2WXWdyquogVpB3yZ3dgwJfe8zrOzTsV7cJvmwrKVa+0ma5BoiGJ+BoqkMvawbayKUsqQ==",
      "deprecated": "Merged into tsx: https://tsx.is",
      "license": "MIT",
      "dependencies": {
        "esbuild": "~0.18.20",
        "source-map-support": "^0.5.21"
      }
    },
    "node_modules/@esbuild-kit/core-utils/node_modules/@esbuild/android-arm": {
      "version": "0.18.20",
      "resolved": "https://registry.npmjs.org/@esbuild/android-arm/-/android-arm-0.18.20.tgz",
      "integrity": "sha512-fyi7TDI/ijKKNZTUJAQqiG5T7YjJXgnzkURqmGj13C6dCqckZBLdl4h7bkhHt/t0WP+zO9/zwroDvANaOqO5Sw==",
      "cpu": [
        "arm"
      ],
      "license": "MIT",
      "optional": true,
      "os": [
        "android"
      ],
      "engines": {
        "node": ">=12"
      }
    },
    "node_modules/@esbuild-kit/core-utils/node_modules/@esbuild/android-arm64": {
      "version": "0.18.20",
      "resolved": "https://registry.npmjs.org/@esbuild/android-arm64/-/android-arm64-0.18.20.tgz",
      "integrity": "sha512-Nz4rJcchGDtENV0eMKUNa6L12zz2zBDXuhj/Vjh18zGqB44Bi7MBMSXjgunJgjRhCmKOjnPuZp4Mb6OKqtMHLQ==",
      "cpu": [
        "arm64"
      ],
      "license": "MIT",
      "optional": true,
      "os": [
        "android"
      ],
      "engines": {
        "node": ">=12"
      }
    },
    "node_modules/@esbuild-kit/core-utils/node_modules/@esbuild/android-x64": {
      "version": "0.18.20",
      "resolved": "https://registry.npmjs.org/@esbuild/android-x64/-/android-x64-0.18.20.tgz",
      "integrity": "sha512-8GDdlePJA8D6zlZYJV/jnrRAi6rOiNaCC/JclcXpB+KIuvfBN4owLtgzY2bsxnx666XjJx2kDPUmnTtR8qKQUg==",
      "cpu": [
        "x64"
      ],
      "license": "MIT",
      "optional": true,
      "os": [
        "android"
      ],
      "engines": {
        "node": ">=12"
      }
    },
    "node_modules/@esbuild-kit/core-utils/node_modules/@esbuild/darwin-arm64": {
      "version": "0.18.20",
      "resolved": "https://registry.npmjs.org/@esbuild/darwin-arm64/-/darwin-arm64-0.18.20.tgz",
      "integrity": "sha512-bxRHW5kHU38zS2lPTPOyuyTm+S+eobPUnTNkdJEfAddYgEcll4xkT8DB9d2008DtTbl7uJag2HuE5NZAZgnNEA==",
      "cpu": [
        "arm64"
      ],
      "license": "MIT",
      "optional": true,
      "os": [
        "darwin"
      ],
      "engines": {
        "node": ">=12"
      }
    },
    "node_modules/@esbuild-kit/core-utils/node_modules/@esbuild/darwin-x64": {
      "version": "0.18.20",
      "resolved": "https://registry.npmjs.org/@esbuild/darwin-x64/-/darwin-x64-0.18.20.tgz",
      "integrity": "sha512-pc5gxlMDxzm513qPGbCbDukOdsGtKhfxD1zJKXjCCcU7ju50O7MeAZ8c4krSJcOIJGFR+qx21yMMVYwiQvyTyQ==",
      "cpu": [
        "x64"
      ],
      "license": "MIT",
      "optional": true,
      "os": [
        "darwin"
      ],
      "engines": {
        "node": ">=12"
      }
    },
    "node_modules/@esbuild-kit/core-utils/node_modules/@esbuild/freebsd-arm64": {
      "version": "0.18.20",
      "resolved": "https://registry.npmjs.org/@esbuild/freebsd-arm64/-/freebsd-arm64-0.18.20.tgz",
      "integrity": "sha512-yqDQHy4QHevpMAaxhhIwYPMv1NECwOvIpGCZkECn8w2WFHXjEwrBn3CeNIYsibZ/iZEUemj++M26W3cNR5h+Tw==",
      "cpu": [
        "arm64"
      ],
      "license": "MIT",
      "optional": true,
      "os": [
        "freebsd"
      ],
      "engines": {
        "node": ">=12"
      }
    },
    "node_modules/@esbuild-kit/core-utils/node_modules/@esbuild/freebsd-x64": {
      "version": "0.18.20",
      "resolved": "https://registry.npmjs.org/@esbuild/freebsd-x64/-/freebsd-x64-0.18.20.tgz",
      "integrity": "sha512-tgWRPPuQsd3RmBZwarGVHZQvtzfEBOreNuxEMKFcd5DaDn2PbBxfwLcj4+aenoh7ctXcbXmOQIn8HI6mCSw5MQ==",
      "cpu": [
        "x64"
      ],
      "license": "MIT",
      "optional": true,
      "os": [
        "freebsd"
      ],
      "engines": {
        "node": ">=12"
      }
    },
    "node_modules/@esbuild-kit/core-utils/node_modules/@esbuild/linux-arm": {
      "version": "0.18.20",
      "resolved": "https://registry.npmjs.org/@esbuild/linux-arm/-/linux-arm-0.18.20.tgz",
      "integrity": "sha512-/5bHkMWnq1EgKr1V+Ybz3s1hWXok7mDFUMQ4cG10AfW3wL02PSZi5kFpYKrptDsgb2WAJIvRcDm+qIvXf/apvg==",
      "cpu": [
        "arm"
      ],
      "license": "MIT",
      "optional": true,
      "os": [
        "linux"
      ],
      "engines": {
        "node": ">=12"
      }
    },
    "node_modules/@esbuild-kit/core-utils/node_modules/@esbuild/linux-arm64": {
      "version": "0.18.20",
      "resolved": "https://registry.npmjs.org/@esbuild/linux-arm64/-/linux-arm64-0.18.20.tgz",
      "integrity": "sha512-2YbscF+UL7SQAVIpnWvYwM+3LskyDmPhe31pE7/aoTMFKKzIc9lLbyGUpmmb8a8AixOL61sQ/mFh3jEjHYFvdA==",
      "cpu": [
        "arm64"
      ],
      "license": "MIT",
      "optional": true,
      "os": [
        "linux"
      ],
      "engines": {
        "node": ">=12"
      }
    },
    "node_modules/@esbuild-kit/core-utils/node_modules/@esbuild/linux-ia32": {
      "version": "0.18.20",
      "resolved": "https://registry.npmjs.org/@esbuild/linux-ia32/-/linux-ia32-0.18.20.tgz",
      "integrity": "sha512-P4etWwq6IsReT0E1KHU40bOnzMHoH73aXp96Fs8TIT6z9Hu8G6+0SHSw9i2isWrD2nbx2qo5yUqACgdfVGx7TA==",
      "cpu": [
        "ia32"
      ],
      "license": "MIT",
      "optional": true,
      "os": [
        "linux"
      ],
      "engines": {
        "node": ">=12"
      }
    },
    "node_modules/@esbuild-kit/core-utils/node_modules/@esbuild/linux-loong64": {
      "version": "0.18.20",
      "resolved": "https://registry.npmjs.org/@esbuild/linux-loong64/-/linux-loong64-0.18.20.tgz",
      "integrity": "sha512-nXW8nqBTrOpDLPgPY9uV+/1DjxoQ7DoB2N8eocyq8I9XuqJ7BiAMDMf9n1xZM9TgW0J8zrquIb/A7s3BJv7rjg==",
      "cpu": [
        "loong64"
      ],
      "license": "MIT",
      "optional": true,
      "os": [
        "linux"
      ],
      "engines": {
        "node": ">=12"
      }
    },
    "node_modules/@esbuild-kit/core-utils/node_modules/@esbuild/linux-mips64el": {
      "version": "0.18.20",
      "resolved": "https://registry.npmjs.org/@esbuild/linux-mips64el/-/linux-mips64el-0.18.20.tgz",
      "integrity": "sha512-d5NeaXZcHp8PzYy5VnXV3VSd2D328Zb+9dEq5HE6bw6+N86JVPExrA6O68OPwobntbNJ0pzCpUFZTo3w0GyetQ==",
      "cpu": [
        "mips64el"
      ],
      "license": "MIT",
      "optional": true,
      "os": [
        "linux"
      ],
      "engines": {
        "node": ">=12"
      }
    },
    "node_modules/@esbuild-kit/core-utils/node_modules/@esbuild/linux-ppc64": {
      "version": "0.18.20",
      "resolved": "https://registry.npmjs.org/@esbuild/linux-ppc64/-/linux-ppc64-0.18.20.tgz",
      "integrity": "sha512-WHPyeScRNcmANnLQkq6AfyXRFr5D6N2sKgkFo2FqguP44Nw2eyDlbTdZwd9GYk98DZG9QItIiTlFLHJHjxP3FA==",
      "cpu": [
        "ppc64"
      ],
      "license": "MIT",
      "optional": true,
      "os": [
        "linux"
      ],
      "engines": {
        "node": ">=12"
      }
    },
    "node_modules/@esbuild-kit/core-utils/node_modules/@esbuild/linux-riscv64": {
      "version": "0.18.20",
      "resolved": "https://registry.npmjs.org/@esbuild/linux-riscv64/-/linux-riscv64-0.18.20.tgz",
      "integrity": "sha512-WSxo6h5ecI5XH34KC7w5veNnKkju3zBRLEQNY7mv5mtBmrP/MjNBCAlsM2u5hDBlS3NGcTQpoBvRzqBcRtpq1A==",
      "cpu": [
        "riscv64"
      ],
      "license": "MIT",
      "optional": true,
      "os": [
        "linux"
      ],
      "engines": {
        "node": ">=12"
      }
    },
    "node_modules/@esbuild-kit/core-utils/node_modules/@esbuild/linux-s390x": {
      "version": "0.18.20",
      "resolved": "https://registry.npmjs.org/@esbuild/linux-s390x/-/linux-s390x-0.18.20.tgz",
      "integrity": "sha512-+8231GMs3mAEth6Ja1iK0a1sQ3ohfcpzpRLH8uuc5/KVDFneH6jtAJLFGafpzpMRO6DzJ6AvXKze9LfFMrIHVQ==",
      "cpu": [
        "s390x"
      ],
      "license": "MIT",
      "optional": true,
      "os": [
        "linux"
      ],
      "engines": {
        "node": ">=12"
      }
    },
    "node_modules/@esbuild-kit/core-utils/node_modules/@esbuild/linux-x64": {
      "version": "0.18.20",
      "resolved": "https://registry.npmjs.org/@esbuild/linux-x64/-/linux-x64-0.18.20.tgz",
      "integrity": "sha512-UYqiqemphJcNsFEskc73jQ7B9jgwjWrSayxawS6UVFZGWrAAtkzjxSqnoclCXxWtfwLdzU+vTpcNYhpn43uP1w==",
      "cpu": [
        "x64"
      ],
      "license": "MIT",
      "optional": true,
      "os": [
        "linux"
      ],
      "engines": {
        "node": ">=12"
      }
    },
    "node_modules/@esbuild-kit/core-utils/node_modules/@esbuild/netbsd-x64": {
      "version": "0.18.20",
      "resolved": "https://registry.npmjs.org/@esbuild/netbsd-x64/-/netbsd-x64-0.18.20.tgz",
      "integrity": "sha512-iO1c++VP6xUBUmltHZoMtCUdPlnPGdBom6IrO4gyKPFFVBKioIImVooR5I83nTew5UOYrk3gIJhbZh8X44y06A==",
      "cpu": [
        "x64"
      ],
      "license": "MIT",
      "optional": true,
      "os": [
        "netbsd"
      ],
      "engines": {
        "node": ">=12"
      }
    },
    "node_modules/@esbuild-kit/core-utils/node_modules/@esbuild/openbsd-x64": {
      "version": "0.18.20",
      "resolved": "https://registry.npmjs.org/@esbuild/openbsd-x64/-/openbsd-x64-0.18.20.tgz",
      "integrity": "sha512-e5e4YSsuQfX4cxcygw/UCPIEP6wbIL+se3sxPdCiMbFLBWu0eiZOJ7WoD+ptCLrmjZBK1Wk7I6D/I3NglUGOxg==",
      "cpu": [
        "x64"
      ],
      "license": "MIT",
      "optional": true,
      "os": [
        "openbsd"
      ],
      "engines": {
        "node": ">=12"
      }
    },
    "node_modules/@esbuild-kit/core-utils/node_modules/@esbuild/sunos-x64": {
      "version": "0.18.20",
      "resolved": "https://registry.npmjs.org/@esbuild/sunos-x64/-/sunos-x64-0.18.20.tgz",
      "integrity": "sha512-kDbFRFp0YpTQVVrqUd5FTYmWo45zGaXe0X8E1G/LKFC0v8x0vWrhOWSLITcCn63lmZIxfOMXtCfti/RxN/0wnQ==",
      "cpu": [
        "x64"
      ],
      "license": "MIT",
      "optional": true,
      "os": [
        "sunos"
      ],
      "engines": {
        "node": ">=12"
      }
    },
    "node_modules/@esbuild-kit/core-utils/node_modules/@esbuild/win32-arm64": {
      "version": "0.18.20",
      "resolved": "https://registry.npmjs.org/@esbuild/win32-arm64/-/win32-arm64-0.18.20.tgz",
      "integrity": "sha512-ddYFR6ItYgoaq4v4JmQQaAI5s7npztfV4Ag6NrhiaW0RrnOXqBkgwZLofVTlq1daVTQNhtI5oieTvkRPfZrePg==",
      "cpu": [
        "arm64"
      ],
      "license": "MIT",
      "optional": true,
      "os": [
        "win32"
      ],
      "engines": {
        "node": ">=12"
      }
    },
    "node_modules/@esbuild-kit/core-utils/node_modules/@esbuild/win32-ia32": {
      "version": "0.18.20",
      "resolved": "https://registry.npmjs.org/@esbuild/win32-ia32/-/win32-ia32-0.18.20.tgz",
      "integrity": "sha512-Wv7QBi3ID/rROT08SABTS7eV4hX26sVduqDOTe1MvGMjNd3EjOz4b7zeexIR62GTIEKrfJXKL9LFxTYgkyeu7g==",
      "cpu": [
        "ia32"
      ],
      "license": "MIT",
      "optional": true,
      "os": [
        "win32"
      ],
      "engines": {
        "node": ">=12"
      }
    },
    "node_modules/@esbuild-kit/core-utils/node_modules/@esbuild/win32-x64": {
      "version": "0.18.20",
      "resolved": "https://registry.npmjs.org/@esbuild/win32-x64/-/win32-x64-0.18.20.tgz",
      "integrity": "sha512-kTdfRcSiDfQca/y9QIkng02avJ+NCaQvrMejlsB3RRv5sE9rRoeBPISaZpKxHELzRxZyLvNts1P27W3wV+8geQ==",
      "cpu": [
        "x64"
      ],
      "license": "MIT",
      "optional": true,
      "os": [
        "win32"
      ],
      "engines": {
        "node": ">=12"
      }
    },
    "node_modules/@esbuild-kit/core-utils/node_modules/esbuild": {
      "version": "0.18.20",
      "resolved": "https://registry.npmjs.org/esbuild/-/esbuild-0.18.20.tgz",
      "integrity": "sha512-ceqxoedUrcayh7Y7ZX6NdbbDzGROiyVBgC4PriJThBKSVPWnnFHZAkfI1lJT8QFkOwH4qOS2SJkS4wvpGl8BpA==",
      "hasInstallScript": true,
      "license": "MIT",
      "bin": {
        "esbuild": "bin/esbuild"
      },
      "engines": {
        "node": ">=12"
      },
      "optionalDependencies": {
        "@esbuild/android-arm": "0.18.20",
        "@esbuild/android-arm64": "0.18.20",
        "@esbuild/android-x64": "0.18.20",
        "@esbuild/darwin-arm64": "0.18.20",
        "@esbuild/darwin-x64": "0.18.20",
        "@esbuild/freebsd-arm64": "0.18.20",
        "@esbuild/freebsd-x64": "0.18.20",
        "@esbuild/linux-arm": "0.18.20",
        "@esbuild/linux-arm64": "0.18.20",
        "@esbuild/linux-ia32": "0.18.20",
        "@esbuild/linux-loong64": "0.18.20",
        "@esbuild/linux-mips64el": "0.18.20",
        "@esbuild/linux-ppc64": "0.18.20",
        "@esbuild/linux-riscv64": "0.18.20",
        "@esbuild/linux-s390x": "0.18.20",
        "@esbuild/linux-x64": "0.18.20",
        "@esbuild/netbsd-x64": "0.18.20",
        "@esbuild/openbsd-x64": "0.18.20",
        "@esbuild/sunos-x64": "0.18.20",
        "@esbuild/win32-arm64": "0.18.20",
        "@esbuild/win32-ia32": "0.18.20",
        "@esbuild/win32-x64": "0.18.20"
      }
    },
    "node_modules/@esbuild-kit/esm-loader": {
      "version": "2.6.5",
      "resolved": "https://registry.npmjs.org/@esbuild-kit/esm-loader/-/esm-loader-2.6.5.tgz",
      "integrity": "sha512-FxEMIkJKnodyA1OaCUoEvbYRkoZlLZ4d/eXFu9Fh8CbBBgP5EmZxrfTRyN0qpXZ4vOvqnE5YdRdcrmUUXuU+dA==",
      "deprecated": "Merged into tsx: https://tsx.is",
      "license": "MIT",
      "dependencies": {
        "@esbuild-kit/core-utils": "^3.3.2",
        "get-tsconfig": "^4.7.0"
      }
    },
    "node_modules/@esbuild/aix-ppc64": {
      "version": "0.25.8",
      "resolved": "https://registry.npmjs.org/@esbuild/aix-ppc64/-/aix-ppc64-0.25.8.tgz",
      "integrity": "sha512-urAvrUedIqEiFR3FYSLTWQgLu5tb+m0qZw0NBEasUeo6wuqatkMDaRT+1uABiGXEu5vqgPd7FGE1BhsAIy9QVA==",
      "cpu": [
        "ppc64"
      ],
      "license": "MIT",
      "optional": true,
      "os": [
        "aix"
      ],
      "engines": {
        "node": ">=18"
      }
    },
    "node_modules/@esbuild/android-arm": {
      "version": "0.25.8",
      "resolved": "https://registry.npmjs.org/@esbuild/android-arm/-/android-arm-0.25.8.tgz",
      "integrity": "sha512-RONsAvGCz5oWyePVnLdZY/HHwA++nxYWIX1atInlaW6SEkwq6XkP3+cb825EUcRs5Vss/lGh/2YxAb5xqc07Uw==",
      "cpu": [
        "arm"
      ],
      "license": "MIT",
      "optional": true,
      "os": [
        "android"
      ],
      "engines": {
        "node": ">=18"
      }
    },
    "node_modules/@esbuild/android-arm64": {
      "version": "0.25.8",
      "resolved": "https://registry.npmjs.org/@esbuild/android-arm64/-/android-arm64-0.25.8.tgz",
      "integrity": "sha512-OD3p7LYzWpLhZEyATcTSJ67qB5D+20vbtr6vHlHWSQYhKtzUYrETuWThmzFpZtFsBIxRvhO07+UgVA9m0i/O1w==",
      "cpu": [
        "arm64"
      ],
      "license": "MIT",
      "optional": true,
      "os": [
        "android"
      ],
      "engines": {
        "node": ">=18"
      }
    },
    "node_modules/@esbuild/android-x64": {
      "version": "0.25.8",
      "resolved": "https://registry.npmjs.org/@esbuild/android-x64/-/android-x64-0.25.8.tgz",
      "integrity": "sha512-yJAVPklM5+4+9dTeKwHOaA+LQkmrKFX96BM0A/2zQrbS6ENCmxc4OVoBs5dPkCCak2roAD+jKCdnmOqKszPkjA==",
      "cpu": [
        "x64"
      ],
      "license": "MIT",
      "optional": true,
      "os": [
        "android"
      ],
      "engines": {
        "node": ">=18"
      }
    },
    "node_modules/@esbuild/darwin-arm64": {
      "version": "0.25.8",
      "resolved": "https://registry.npmjs.org/@esbuild/darwin-arm64/-/darwin-arm64-0.25.8.tgz",
      "integrity": "sha512-Jw0mxgIaYX6R8ODrdkLLPwBqHTtYHJSmzzd+QeytSugzQ0Vg4c5rDky5VgkoowbZQahCbsv1rT1KW72MPIkevw==",
      "cpu": [
        "arm64"
      ],
      "license": "MIT",
      "optional": true,
      "os": [
        "darwin"
      ],
      "engines": {
        "node": ">=18"
      }
    },
    "node_modules/@esbuild/darwin-x64": {
      "version": "0.25.8",
      "resolved": "https://registry.npmjs.org/@esbuild/darwin-x64/-/darwin-x64-0.25.8.tgz",
      "integrity": "sha512-Vh2gLxxHnuoQ+GjPNvDSDRpoBCUzY4Pu0kBqMBDlK4fuWbKgGtmDIeEC081xi26PPjn+1tct+Bh8FjyLlw1Zlg==",
      "cpu": [
        "x64"
      ],
      "license": "MIT",
      "optional": true,
      "os": [
        "darwin"
      ],
      "engines": {
        "node": ">=18"
      }
    },
    "node_modules/@esbuild/freebsd-arm64": {
      "version": "0.25.8",
      "resolved": "https://registry.npmjs.org/@esbuild/freebsd-arm64/-/freebsd-arm64-0.25.8.tgz",
      "integrity": "sha512-YPJ7hDQ9DnNe5vxOm6jaie9QsTwcKedPvizTVlqWG9GBSq+BuyWEDazlGaDTC5NGU4QJd666V0yqCBL2oWKPfA==",
      "cpu": [
        "arm64"
      ],
      "license": "MIT",
      "optional": true,
      "os": [
        "freebsd"
      ],
      "engines": {
        "node": ">=18"
      }
    },
    "node_modules/@esbuild/freebsd-x64": {
      "version": "0.25.8",
      "resolved": "https://registry.npmjs.org/@esbuild/freebsd-x64/-/freebsd-x64-0.25.8.tgz",
      "integrity": "sha512-MmaEXxQRdXNFsRN/KcIimLnSJrk2r5H8v+WVafRWz5xdSVmWLoITZQXcgehI2ZE6gioE6HirAEToM/RvFBeuhw==",
      "cpu": [
        "x64"
      ],
      "license": "MIT",
      "optional": true,
      "os": [
        "freebsd"
      ],
      "engines": {
        "node": ">=18"
      }
    },
    "node_modules/@esbuild/linux-arm": {
      "version": "0.25.8",
      "resolved": "https://registry.npmjs.org/@esbuild/linux-arm/-/linux-arm-0.25.8.tgz",
      "integrity": "sha512-FuzEP9BixzZohl1kLf76KEVOsxtIBFwCaLupVuk4eFVnOZfU+Wsn+x5Ryam7nILV2pkq2TqQM9EZPsOBuMC+kg==",
      "cpu": [
        "arm"
      ],
      "license": "MIT",
      "optional": true,
      "os": [
        "linux"
      ],
      "engines": {
        "node": ">=18"
      }
    },
    "node_modules/@esbuild/linux-arm64": {
      "version": "0.25.8",
      "resolved": "https://registry.npmjs.org/@esbuild/linux-arm64/-/linux-arm64-0.25.8.tgz",
      "integrity": "sha512-WIgg00ARWv/uYLU7lsuDK00d/hHSfES5BzdWAdAig1ioV5kaFNrtK8EqGcUBJhYqotlUByUKz5Qo6u8tt7iD/w==",
      "cpu": [
        "arm64"
      ],
      "license": "MIT",
      "optional": true,
      "os": [
        "linux"
      ],
      "engines": {
        "node": ">=18"
      }
    },
    "node_modules/@esbuild/linux-ia32": {
      "version": "0.25.8",
      "resolved": "https://registry.npmjs.org/@esbuild/linux-ia32/-/linux-ia32-0.25.8.tgz",
      "integrity": "sha512-A1D9YzRX1i+1AJZuFFUMP1E9fMaYY+GnSQil9Tlw05utlE86EKTUA7RjwHDkEitmLYiFsRd9HwKBPEftNdBfjg==",
      "cpu": [
        "ia32"
      ],
      "license": "MIT",
      "optional": true,
      "os": [
        "linux"
      ],
      "engines": {
        "node": ">=18"
      }
    },
    "node_modules/@esbuild/linux-loong64": {
      "version": "0.25.8",
      "resolved": "https://registry.npmjs.org/@esbuild/linux-loong64/-/linux-loong64-0.25.8.tgz",
      "integrity": "sha512-O7k1J/dwHkY1RMVvglFHl1HzutGEFFZ3kNiDMSOyUrB7WcoHGf96Sh+64nTRT26l3GMbCW01Ekh/ThKM5iI7hQ==",
      "cpu": [
        "loong64"
      ],
      "license": "MIT",
      "optional": true,
      "os": [
        "linux"
      ],
      "engines": {
        "node": ">=18"
      }
    },
    "node_modules/@esbuild/linux-mips64el": {
      "version": "0.25.8",
      "resolved": "https://registry.npmjs.org/@esbuild/linux-mips64el/-/linux-mips64el-0.25.8.tgz",
      "integrity": "sha512-uv+dqfRazte3BzfMp8PAQXmdGHQt2oC/y2ovwpTteqrMx2lwaksiFZ/bdkXJC19ttTvNXBuWH53zy/aTj1FgGw==",
      "cpu": [
        "mips64el"
      ],
      "license": "MIT",
      "optional": true,
      "os": [
        "linux"
      ],
      "engines": {
        "node": ">=18"
      }
    },
    "node_modules/@esbuild/linux-ppc64": {
      "version": "0.25.8",
      "resolved": "https://registry.npmjs.org/@esbuild/linux-ppc64/-/linux-ppc64-0.25.8.tgz",
      "integrity": "sha512-GyG0KcMi1GBavP5JgAkkstMGyMholMDybAf8wF5A70CALlDM2p/f7YFE7H92eDeH/VBtFJA5MT4nRPDGg4JuzQ==",
      "cpu": [
        "ppc64"
      ],
      "license": "MIT",
      "optional": true,
      "os": [
        "linux"
      ],
      "engines": {
        "node": ">=18"
      }
    },
    "node_modules/@esbuild/linux-riscv64": {
      "version": "0.25.8",
      "resolved": "https://registry.npmjs.org/@esbuild/linux-riscv64/-/linux-riscv64-0.25.8.tgz",
      "integrity": "sha512-rAqDYFv3yzMrq7GIcen3XP7TUEG/4LK86LUPMIz6RT8A6pRIDn0sDcvjudVZBiiTcZCY9y2SgYX2lgK3AF+1eg==",
      "cpu": [
        "riscv64"
      ],
      "license": "MIT",
      "optional": true,
      "os": [
        "linux"
      ],
      "engines": {
        "node": ">=18"
      }
    },
    "node_modules/@esbuild/linux-s390x": {
      "version": "0.25.8",
      "resolved": "https://registry.npmjs.org/@esbuild/linux-s390x/-/linux-s390x-0.25.8.tgz",
      "integrity": "sha512-Xutvh6VjlbcHpsIIbwY8GVRbwoviWT19tFhgdA7DlenLGC/mbc3lBoVb7jxj9Z+eyGqvcnSyIltYUrkKzWqSvg==",
      "cpu": [
        "s390x"
      ],
      "license": "MIT",
      "optional": true,
      "os": [
        "linux"
      ],
      "engines": {
        "node": ">=18"
      }
    },
    "node_modules/@esbuild/linux-x64": {
      "version": "0.25.8",
      "resolved": "https://registry.npmjs.org/@esbuild/linux-x64/-/linux-x64-0.25.8.tgz",
      "integrity": "sha512-ASFQhgY4ElXh3nDcOMTkQero4b1lgubskNlhIfJrsH5OKZXDpUAKBlNS0Kx81jwOBp+HCeZqmoJuihTv57/jvQ==",
      "cpu": [
        "x64"
      ],
      "license": "MIT",
      "optional": true,
      "os": [
        "linux"
      ],
      "engines": {
        "node": ">=18"
      }
    },
    "node_modules/@esbuild/netbsd-arm64": {
      "version": "0.25.8",
      "resolved": "https://registry.npmjs.org/@esbuild/netbsd-arm64/-/netbsd-arm64-0.25.8.tgz",
      "integrity": "sha512-d1KfruIeohqAi6SA+gENMuObDbEjn22olAR7egqnkCD9DGBG0wsEARotkLgXDu6c4ncgWTZJtN5vcgxzWRMzcw==",
      "cpu": [
        "arm64"
      ],
      "license": "MIT",
      "optional": true,
      "os": [
        "netbsd"
      ],
      "engines": {
        "node": ">=18"
      }
    },
    "node_modules/@esbuild/netbsd-x64": {
      "version": "0.25.8",
      "resolved": "https://registry.npmjs.org/@esbuild/netbsd-x64/-/netbsd-x64-0.25.8.tgz",
      "integrity": "sha512-nVDCkrvx2ua+XQNyfrujIG38+YGyuy2Ru9kKVNyh5jAys6n+l44tTtToqHjino2My8VAY6Lw9H7RI73XFi66Cg==",
      "cpu": [
        "x64"
      ],
      "license": "MIT",
      "optional": true,
      "os": [
        "netbsd"
      ],
      "engines": {
        "node": ">=18"
      }
    },
    "node_modules/@esbuild/openbsd-arm64": {
      "version": "0.25.8",
      "resolved": "https://registry.npmjs.org/@esbuild/openbsd-arm64/-/openbsd-arm64-0.25.8.tgz",
      "integrity": "sha512-j8HgrDuSJFAujkivSMSfPQSAa5Fxbvk4rgNAS5i3K+r8s1X0p1uOO2Hl2xNsGFppOeHOLAVgYwDVlmxhq5h+SQ==",
      "cpu": [
        "arm64"
      ],
      "license": "MIT",
      "optional": true,
      "os": [
        "openbsd"
      ],
      "engines": {
        "node": ">=18"
      }
    },
    "node_modules/@esbuild/openbsd-x64": {
      "version": "0.25.8",
      "resolved": "https://registry.npmjs.org/@esbuild/openbsd-x64/-/openbsd-x64-0.25.8.tgz",
      "integrity": "sha512-1h8MUAwa0VhNCDp6Af0HToI2TJFAn1uqT9Al6DJVzdIBAd21m/G0Yfc77KDM3uF3T/YaOgQq3qTJHPbTOInaIQ==",
      "cpu": [
        "x64"
      ],
      "license": "MIT",
      "optional": true,
      "os": [
        "openbsd"
      ],
      "engines": {
        "node": ">=18"
      }
    },
    "node_modules/@esbuild/openharmony-arm64": {
      "version": "0.25.8",
      "resolved": "https://registry.npmjs.org/@esbuild/openharmony-arm64/-/openharmony-arm64-0.25.8.tgz",
      "integrity": "sha512-r2nVa5SIK9tSWd0kJd9HCffnDHKchTGikb//9c7HX+r+wHYCpQrSgxhlY6KWV1nFo1l4KFbsMlHk+L6fekLsUg==",
      "cpu": [
        "arm64"
      ],
      "license": "MIT",
      "optional": true,
      "os": [
        "openharmony"
      ],
      "engines": {
        "node": ">=18"
      }
    },
    "node_modules/@esbuild/sunos-x64": {
      "version": "0.25.8",
      "resolved": "https://registry.npmjs.org/@esbuild/sunos-x64/-/sunos-x64-0.25.8.tgz",
      "integrity": "sha512-zUlaP2S12YhQ2UzUfcCuMDHQFJyKABkAjvO5YSndMiIkMimPmxA+BYSBikWgsRpvyxuRnow4nS5NPnf9fpv41w==",
      "cpu": [
        "x64"
      ],
      "license": "MIT",
      "optional": true,
      "os": [
        "sunos"
      ],
      "engines": {
        "node": ">=18"
      }
    },
    "node_modules/@esbuild/win32-arm64": {
      "version": "0.25.8",
      "resolved": "https://registry.npmjs.org/@esbuild/win32-arm64/-/win32-arm64-0.25.8.tgz",
      "integrity": "sha512-YEGFFWESlPva8hGL+zvj2z/SaK+pH0SwOM0Nc/d+rVnW7GSTFlLBGzZkuSU9kFIGIo8q9X3ucpZhu8PDN5A2sQ==",
      "cpu": [
        "arm64"
      ],
      "license": "MIT",
      "optional": true,
      "os": [
        "win32"
      ],
      "engines": {
        "node": ">=18"
      }
    },
    "node_modules/@esbuild/win32-ia32": {
      "version": "0.25.8",
      "resolved": "https://registry.npmjs.org/@esbuild/win32-ia32/-/win32-ia32-0.25.8.tgz",
      "integrity": "sha512-hiGgGC6KZ5LZz58OL/+qVVoZiuZlUYlYHNAmczOm7bs2oE1XriPFi5ZHHrS8ACpV5EjySrnoCKmcbQMN+ojnHg==",
      "cpu": [
        "ia32"
      ],
      "license": "MIT",
      "optional": true,
      "os": [
        "win32"
      ],
      "engines": {
        "node": ">=18"
      }
    },
    "node_modules/@esbuild/win32-x64": {
      "version": "0.25.8",
      "resolved": "https://registry.npmjs.org/@esbuild/win32-x64/-/win32-x64-0.25.8.tgz",
      "integrity": "sha512-cn3Yr7+OaaZq1c+2pe+8yxC8E144SReCQjN6/2ynubzYjvyqZjTXfQJpAcQpsdJq3My7XADANiYGHoFC69pLQw==",
      "cpu": [
        "x64"
      ],
      "license": "MIT",
      "optional": true,
      "os": [
        "win32"
      ],
      "engines": {
        "node": ">=18"
      }
    },
    "node_modules/@jridgewell/resolve-uri": {
      "version": "3.1.2",
      "resolved": "https://registry.npmjs.org/@jridgewell/resolve-uri/-/resolve-uri-3.1.2.tgz",
      "integrity": "sha512-bRISgCIjP20/tbWSPWMEi54QVPRZExkuD9lJL+UIxUKtwVJA8wW1Trb1jMs1RFXo1CBTNZ/5hpC9QvmKWdopKw==",
      "license": "MIT",
      "engines": {
        "node": ">=6.0.0"
      }
    },
    "node_modules/@jridgewell/sourcemap-codec": {
      "version": "1.5.4",
      "resolved": "https://registry.npmjs.org/@jridgewell/sourcemap-codec/-/sourcemap-codec-1.5.4.tgz",
      "integrity": "sha512-VT2+G1VQs/9oz078bLrYbecdZKs912zQlkelYpuf+SXF+QvZDYJlbx/LSx+meSAwdDFnF8FVXW92AVjjkVmgFw==",
      "license": "MIT"
    },
    "node_modules/@jridgewell/trace-mapping": {
      "version": "0.3.9",
      "resolved": "https://registry.npmjs.org/@jridgewell/trace-mapping/-/trace-mapping-0.3.9.tgz",
      "integrity": "sha512-3Belt6tdc8bPgAtbcmdtNJlirVoTmEb5e2gC94PnkwEW9jI6CAHUeoG85tjWP5WquqfavoMtMwiG4P926ZKKuQ==",
      "license": "MIT",
      "dependencies": {
        "@jridgewell/resolve-uri": "^3.0.3",
        "@jridgewell/sourcemap-codec": "^1.4.10"
      }
    },
    "node_modules/@neondatabase/serverless": {
      "version": "1.0.1",
      "resolved": "https://registry.npmjs.org/@neondatabase/serverless/-/serverless-1.0.1.tgz",
      "integrity": "sha512-O6yC5TT0jbw86VZVkmnzCZJB0hfxBl0JJz6f+3KHoZabjb/X08r9eFA+vuY06z1/qaovykvdkrXYq3SPUuvogA==",
      "license": "MIT",
      "dependencies": {
        "@types/node": "^22.15.30",
        "@types/pg": "^8.8.0"
      },
      "engines": {
        "node": ">=19.0.0"
      }
    },
    "node_modules/@tsconfig/node10": {
      "version": "1.0.11",
      "resolved": "https://registry.npmjs.org/@tsconfig/node10/-/node10-1.0.11.tgz",
      "integrity": "sha512-DcRjDCujK/kCk/cUe8Xz8ZSpm8mS3mNNpta+jGCA6USEDfktlNvm1+IuZ9eTcDbNk41BHwpHHeW+N1lKCz4zOw==",
      "license": "MIT"
    },
    "node_modules/@tsconfig/node12": {
      "version": "1.0.11",
      "resolved": "https://registry.npmjs.org/@tsconfig/node12/-/node12-1.0.11.tgz",
      "integrity": "sha512-cqefuRsh12pWyGsIoBKJA9luFu3mRxCA+ORZvA4ktLSzIuCUtWVxGIuXigEwO5/ywWFMZ2QEGKWvkZG1zDMTag==",
      "license": "MIT"
    },
    "node_modules/@tsconfig/node14": {
      "version": "1.0.3",
      "resolved": "https://registry.npmjs.org/@tsconfig/node14/-/node14-1.0.3.tgz",
      "integrity": "sha512-ysT8mhdixWK6Hw3i1V2AeRqZ5WfXg1G43mqoYlM2nc6388Fq5jcXyr5mRsqViLx/GJYdoL0bfXD8nmF+Zn/Iow==",
      "license": "MIT"
    },
    "node_modules/@tsconfig/node16": {
      "version": "1.0.4",
      "resolved": "https://registry.npmjs.org/@tsconfig/node16/-/node16-1.0.4.tgz",
      "integrity": "sha512-vxhUy4J8lyeyinH7Azl1pdd43GJhZH/tP2weN8TntQblOY+A0XbT8DJk1/oCPuOOyg/Ja757rG0CgHcWC8OfMA==",
      "license": "MIT"
    },
    "node_modules/@types/body-parser": {
      "version": "1.19.6",
      "resolved": "https://registry.npmjs.org/@types/body-parser/-/body-parser-1.19.6.tgz",
      "integrity": "sha512-HLFeCYgz89uk22N5Qg3dvGvsv46B8GLvKKo1zKG4NybA8U2DiEO3w9lqGg29t/tfLRJpJ6iQxnVw4OnB7MoM9g==",
      "license": "MIT",
      "dependencies": {
        "@types/connect": "*",
        "@types/node": "*"
      }
    },
    "node_modules/@types/connect": {
      "version": "3.4.38",
      "resolved": "https://registry.npmjs.org/@types/connect/-/connect-3.4.38.tgz",
      "integrity": "sha512-K6uROf1LD88uDQqJCktA4yzL1YYAK6NgfsI0v/mTgyPKWsX1CnJ0XPSDhViejru1GcRkLWb8RlzFYJRqGUbaug==",
      "license": "MIT",
      "dependencies": {
        "@types/node": "*"
      }
    },
    "node_modules/@types/cors": {
      "version": "2.8.19",
      "resolved": "https://registry.npmjs.org/@types/cors/-/cors-2.8.19.tgz",
      "integrity": "sha512-mFNylyeyqN93lfe/9CSxOGREz8cpzAhH+E93xJ4xWQf62V8sQ/24reV2nyzUWM6H6Xji+GGHpkbLe7pVoUEskg==",
      "license": "MIT",
      "dependencies": {
        "@types/node": "*"
      }
    },
    "node_modules/@types/express": {
      "version": "5.0.3",
      "resolved": "https://registry.npmjs.org/@types/express/-/express-5.0.3.tgz",
      "integrity": "sha512-wGA0NX93b19/dZC1J18tKWVIYWyyF2ZjT9vin/NRu0qzzvfVzWjs04iq2rQ3H65vCTQYlRqs3YHfY7zjdV+9Kw==",
      "license": "MIT",
      "dependencies": {
        "@types/body-parser": "*",
        "@types/express-serve-static-core": "^5.0.0",
        "@types/serve-static": "*"
      }
    },
    "node_modules/@types/express-serve-static-core": {
      "version": "5.0.7",
      "resolved": "https://registry.npmjs.org/@types/express-serve-static-core/-/express-serve-static-core-5.0.7.tgz",
      "integrity": "sha512-R+33OsgWw7rOhD1emjU7dzCDHucJrgJXMA5PYCzJxVil0dsyx5iBEPHqpPfiKNJQb7lZ1vxwoLR4Z87bBUpeGQ==",
      "license": "MIT",
      "dependencies": {
        "@types/node": "*",
        "@types/qs": "*",
        "@types/range-parser": "*",
        "@types/send": "*"
      }
    },
    "node_modules/@types/http-errors": {
      "version": "2.0.5",
      "resolved": "https://registry.npmjs.org/@types/http-errors/-/http-errors-2.0.5.tgz",
      "integrity": "sha512-r8Tayk8HJnX0FztbZN7oVqGccWgw98T/0neJphO91KkmOzug1KkofZURD4UaD5uH8AqcFLfdPErnBod0u71/qg==",
      "license": "MIT"
    },
    "node_modules/@types/memoizee": {
      "version": "0.4.12",
      "resolved": "https://registry.npmjs.org/@types/memoizee/-/memoizee-0.4.12.tgz",
      "integrity": "sha512-EdtpwNYNhe3kZ+4TlXj/++pvBoU0KdrAICMzgI7vjWgu9sIvvUhu9XR8Ks4L6Wh3sxpZ22wkZR7yCLAqUjnZuQ==",
      "license": "MIT"
    },
    "node_modules/@types/mime": {
      "version": "1.3.5",
      "resolved": "https://registry.npmjs.org/@types/mime/-/mime-1.3.5.tgz",
      "integrity": "sha512-/pyBZWSLD2n0dcHE3hq8s8ZvcETHtEuF+3E7XVt0Ig2nvsVQXdghHVcEkIWjy9A0wKfTn97a/PSDYohKIlnP/w==",
      "license": "MIT"
    },
    "node_modules/@types/node": {
      "version": "22.16.5",
      "resolved": "https://registry.npmjs.org/@types/node/-/node-22.16.5.tgz",
      "integrity": "sha512-bJFoMATwIGaxxx8VJPeM8TonI8t579oRvgAuT8zFugJsJZgzqv0Fu8Mhp68iecjzG7cnN3mO2dJQ5uUM2EFrgQ==",
      "license": "MIT",
      "dependencies": {
        "undici-types": "~6.21.0"
      }
    },
    "node_modules/@types/pg": {
      "version": "8.15.4",
      "resolved": "https://registry.npmjs.org/@types/pg/-/pg-8.15.4.tgz",
      "integrity": "sha512-I6UNVBAoYbvuWkkU3oosC8yxqH21f4/Jc4DK71JLG3dT2mdlGe1z+ep/LQGXaKaOgcvUrsQoPRqfgtMcvZiJhg==",
      "license": "MIT",
      "dependencies": {
        "@types/node": "*",
        "pg-protocol": "*",
        "pg-types": "^2.2.0"
      }
    },
    "node_modules/@types/qs": {
      "version": "6.14.0",
      "resolved": "https://registry.npmjs.org/@types/qs/-/qs-6.14.0.tgz",
      "integrity": "sha512-eOunJqu0K1923aExK6y8p6fsihYEn/BYuQ4g0CxAAgFc4b/ZLN4CrsRZ55srTdqoiLzU2B2evC+apEIxprEzkQ==",
      "license": "MIT"
    },
    "node_modules/@types/range-parser": {
      "version": "1.2.7",
      "resolved": "https://registry.npmjs.org/@types/range-parser/-/range-parser-1.2.7.tgz",
      "integrity": "sha512-hKormJbkJqzQGhziax5PItDUTMAM9uE2XXQmM37dyd4hVM+5aVl7oVxMVUiVQn2oCQFN/LKCZdvSM0pFRqbSmQ==",
      "license": "MIT"
    },
    "node_modules/@types/send": {
      "version": "0.17.5",
      "resolved": "https://registry.npmjs.org/@types/send/-/send-0.17.5.tgz",
      "integrity": "sha512-z6F2D3cOStZvuk2SaP6YrwkNO65iTZcwA2ZkSABegdkAh/lf+Aa/YQndZVfmEXT5vgAp6zv06VQ3ejSVjAny4w==",
      "license": "MIT",
      "dependencies": {
        "@types/mime": "^1",
        "@types/node": "*"
      }
    },
    "node_modules/@types/serve-static": {
      "version": "1.15.8",
      "resolved": "https://registry.npmjs.org/@types/serve-static/-/serve-static-1.15.8.tgz",
      "integrity": "sha512-roei0UY3LhpOJvjbIP6ZZFngyLKl5dskOtDhxY5THRSpO+ZI+nzJ+m5yUMzGrp89YRa7lvknKkMYjqQFGwA7Sg==",
      "license": "MIT",
      "dependencies": {
        "@types/http-errors": "*",
        "@types/node": "*",
        "@types/send": "*"
      }
    },
    "node_modules/@types/ws": {
      "version": "8.18.1",
      "resolved": "https://registry.npmjs.org/@types/ws/-/ws-8.18.1.tgz",
      "integrity": "sha512-ThVF6DCVhA8kUGy+aazFQ4kXQ7E1Ty7A3ypFOe0IcJV8O/M511G99AW24irKrW56Wt44yG9+ij8FaqoBGkuBXg==",
      "license": "MIT",
      "dependencies": {
        "@types/node": "*"
      }
    },
    "node_modules/accepts": {
      "version": "2.0.0",
      "resolved": "https://registry.npmjs.org/accepts/-/accepts-2.0.0.tgz",
      "integrity": "sha512-5cvg6CtKwfgdmVqY1WIiXKc3Q1bkRqGLi+2W/6ao+6Y7gu/RCwRuAhGEzh5B4KlszSuTLgZYuqFqo5bImjNKng==",
      "license": "MIT",
      "dependencies": {
        "mime-types": "^3.0.0",
        "negotiator": "^1.0.0"
      },
      "engines": {
        "node": ">= 0.6"
      }
    },
    "node_modules/acorn": {
      "version": "8.15.0",
      "resolved": "https://registry.npmjs.org/acorn/-/acorn-8.15.0.tgz",
      "integrity": "sha512-NZyJarBfL7nWwIq+FDL6Zp/yHEhePMNnnJ0y3qfieCrmNvYct8uvtiV41UvlSe6apAfk0fY1FbWx+NwfmpvtTg==",
      "license": "MIT",
      "bin": {
        "acorn": "bin/acorn"
      },
      "engines": {
        "node": ">=0.4.0"
      }
    },
    "node_modules/acorn-walk": {
      "version": "8.3.4",
      "resolved": "https://registry.npmjs.org/acorn-walk/-/acorn-walk-8.3.4.tgz",
      "integrity": "sha512-ueEepnujpqee2o5aIYnvHU6C0A42MNdsIDeqy5BydrkuC5R1ZuUFnm27EeFJGoEHJQgn3uleRvmTXaJgfXbt4g==",
      "license": "MIT",
      "dependencies": {
        "acorn": "^8.11.0"
      },
      "engines": {
        "node": ">=0.4.0"
      }
    },
    "node_modules/arg": {
      "version": "4.1.3",
      "resolved": "https://registry.npmjs.org/arg/-/arg-4.1.3.tgz",
      "integrity": "sha512-58S9QDqG0Xx27YwPSt9fJxivjYl432YCwfDMfZ+71RAqUrZef7LrKQZ3LHLOwCS4FLNBplP533Zx895SeOCHvA==",
      "license": "MIT"
    },
    "node_modules/body-parser": {
      "version": "2.2.0",
      "resolved": "https://registry.npmjs.org/body-parser/-/body-parser-2.2.0.tgz",
      "integrity": "sha512-02qvAaxv8tp7fBa/mw1ga98OGm+eCbqzJOKoRt70sLmfEEi+jyBYVTDGfCL/k06/4EMk/z01gCe7HoCH/f2LTg==",
      "license": "MIT",
      "dependencies": {
        "bytes": "^3.1.2",
        "content-type": "^1.0.5",
        "debug": "^4.4.0",
        "http-errors": "^2.0.0",
        "iconv-lite": "^0.6.3",
        "on-finished": "^2.4.1",
        "qs": "^6.14.0",
        "raw-body": "^3.0.0",
        "type-is": "^2.0.0"
      },
      "engines": {
        "node": ">=18"
      }
    },
    "node_modules/buffer-from": {
      "version": "1.1.2",
      "resolved": "https://registry.npmjs.org/buffer-from/-/buffer-from-1.1.2.tgz",
      "integrity": "sha512-E+XQCRwSbaaiChtv6k6Dwgc+bx+Bs6vuKJHHl5kox/BaKbhiXzqQOwK4cO22yElGp2OCmjwVhT3HmxgyPGnJfQ==",
      "license": "MIT"
    },
    "node_modules/bytes": {
      "version": "3.1.2",
      "resolved": "https://registry.npmjs.org/bytes/-/bytes-3.1.2.tgz",
      "integrity": "sha512-/Nf7TyzTx6S3yRJObOAV7956r8cr2+Oj8AC5dt8wSP3BQAoeX58NoHyCU8P8zGkNXStjTSi6fzO6F0pBdcYbEg==",
      "license": "MIT",
      "engines": {
        "node": ">= 0.8"
      }
    },
    "node_modules/call-bind-apply-helpers": {
      "version": "1.0.2",
      "resolved": "https://registry.npmjs.org/call-bind-apply-helpers/-/call-bind-apply-helpers-1.0.2.tgz",
      "integrity": "sha512-Sp1ablJ0ivDkSzjcaJdxEunN5/XvksFJ2sMBFfq6x0ryhQV/2b/KwFe21cMpmHtPOSij8K99/wSfoEuTObmuMQ==",
      "license": "MIT",
      "dependencies": {
        "es-errors": "^1.3.0",
        "function-bind": "^1.1.2"
      },
      "engines": {
        "node": ">= 0.4"
      }
    },
    "node_modules/call-bound": {
      "version": "1.0.4",
      "resolved": "https://registry.npmjs.org/call-bound/-/call-bound-1.0.4.tgz",
      "integrity": "sha512-+ys997U96po4Kx/ABpBCqhA9EuxJaQWDQg7295H4hBphv3IZg0boBKuwYpt4YXp6MZ5AmZQnU/tyMTlRpaSejg==",
      "license": "MIT",
      "dependencies": {
        "call-bind-apply-helpers": "^1.0.2",
        "get-intrinsic": "^1.3.0"
      },
      "engines": {
        "node": ">= 0.4"
      },
      "funding": {
        "url": "https://github.com/sponsors/ljharb"
      }
    },
    "node_modules/content-disposition": {
      "version": "1.0.0",
      "resolved": "https://registry.npmjs.org/content-disposition/-/content-disposition-1.0.0.tgz",
      "integrity": "sha512-Au9nRL8VNUut/XSzbQA38+M78dzP4D+eqg3gfJHMIHHYa3bg067xj1KxMUWj+VULbiZMowKngFFbKczUrNJ1mg==",
      "license": "MIT",
      "dependencies": {
        "safe-buffer": "5.2.1"
      },
      "engines": {
        "node": ">= 0.6"
      }
    },
    "node_modules/content-type": {
      "version": "1.0.5",
      "resolved": "https://registry.npmjs.org/content-type/-/content-type-1.0.5.tgz",
      "integrity": "sha512-nTjqfcBFEipKdXCv4YDQWCfmcLZKm81ldF0pAopTvyrFGVbcR6P/VAAd5G7N+0tTr8QqiU0tFadD6FK4NtJwOA==",
      "license": "MIT",
      "engines": {
        "node": ">= 0.6"
      }
    },
    "node_modules/cookie": {
      "version": "0.7.2",
      "resolved": "https://registry.npmjs.org/cookie/-/cookie-0.7.2.tgz",
      "integrity": "sha512-yki5XnKuf750l50uGTllt6kKILY4nQ1eNIQatoXEByZ5dWgnKqbnqmTrBE5B4N7lrMJKQ2ytWMiTO2o0v6Ew/w==",
      "license": "MIT",
      "engines": {
        "node": ">= 0.6"
      }
    },
    "node_modules/cookie-signature": {
      "version": "1.2.2",
      "resolved": "https://registry.npmjs.org/cookie-signature/-/cookie-signature-1.2.2.tgz",
      "integrity": "sha512-D76uU73ulSXrD1UXF4KE2TMxVVwhsnCgfAyTg9k8P6KGZjlXKrOLe4dJQKI3Bxi5wjesZoFXJWElNWBjPZMbhg==",
      "license": "MIT",
      "engines": {
        "node": ">=6.6.0"
      }
    },
    "node_modules/cors": {
      "version": "2.8.5",
      "resolved": "https://registry.npmjs.org/cors/-/cors-2.8.5.tgz",
      "integrity": "sha512-KIHbLJqu73RGr/hnbrO9uBeixNGuvSQjul/jdFvS/KFSIH1hWVd1ng7zOHx+YrEfInLG7q4n6GHQ9cDtxv/P6g==",
      "license": "MIT",
      "dependencies": {
        "object-assign": "^4",
        "vary": "^1"
      },
      "engines": {
        "node": ">= 0.10"
      }
    },
    "node_modules/create-require": {
      "version": "1.1.1",
      "resolved": "https://registry.npmjs.org/create-require/-/create-require-1.1.1.tgz",
      "integrity": "sha512-dcKFX3jn0MpIaXjisoRvexIJVEKzaq7z2rZKxf+MSr9TkdmHmsU4m2lcLojrj/FHl8mk5VxMmYA+ftRkP/3oKQ==",
      "license": "MIT"
    },
    "node_modules/d": {
      "version": "1.0.2",
      "resolved": "https://registry.npmjs.org/d/-/d-1.0.2.tgz",
      "integrity": "sha512-MOqHvMWF9/9MX6nza0KgvFH4HpMU0EF5uUDXqX/BtxtU8NfB0QzRtJ8Oe/6SuS4kbhyzVJwjd97EA4PKrzJ8bw==",
      "license": "ISC",
      "dependencies": {
        "es5-ext": "^0.10.64",
        "type": "^2.7.2"
      },
      "engines": {
        "node": ">=0.12"
      }
    },
    "node_modules/debug": {
      "version": "4.4.1",
      "resolved": "https://registry.npmjs.org/debug/-/debug-4.4.1.tgz",
      "integrity": "sha512-KcKCqiftBJcZr++7ykoDIEwSa3XWowTfNPo92BYxjXiyYEVrUQh2aLyhxBCwww+heortUFxEJYcRzosstTEBYQ==",
      "license": "MIT",
      "dependencies": {
        "ms": "^2.1.3"
      },
      "engines": {
        "node": ">=6.0"
      },
      "peerDependenciesMeta": {
        "supports-color": {
          "optional": true
        }
      }
    },
    "node_modules/depd": {
      "version": "2.0.0",
      "resolved": "https://registry.npmjs.org/depd/-/depd-2.0.0.tgz",
      "integrity": "sha512-g7nH6P6dyDioJogAAGprGpCtVImJhpPk/roCzdb3fIh61/s/nPsfR6onyMwkCAR/OlC3yBC0lESvUoQEAssIrw==",
      "license": "MIT",
      "engines": {
        "node": ">= 0.8"
      }
    },
    "node_modules/diff": {
      "version": "4.0.2",
      "resolved": "https://registry.npmjs.org/diff/-/diff-4.0.2.tgz",
      "integrity": "sha512-58lmxKSA4BNyLz+HHMUzlOEpg09FV+ev6ZMe3vJihgdxzgcwZ8VoEEPmALCZG9LmqfVoNMMKpttIYTVG6uDY7A==",
      "license": "BSD-3-Clause",
      "engines": {
        "node": ">=0.3.1"
      }
    },
    "node_modules/drizzle-kit": {
      "version": "0.31.4",
      "resolved": "https://registry.npmjs.org/drizzle-kit/-/drizzle-kit-0.31.4.tgz",
      "integrity": "sha512-tCPWVZWZqWVx2XUsVpJRnH9Mx0ClVOf5YUHerZ5so1OKSlqww4zy1R5ksEdGRcO3tM3zj0PYN6V48TbQCL1RfA==",
      "license": "MIT",
      "dependencies": {
        "@drizzle-team/brocli": "^0.10.2",
        "@esbuild-kit/esm-loader": "^2.5.5",
        "esbuild": "^0.25.4",
        "esbuild-register": "^3.5.0"
      },
      "bin": {
        "drizzle-kit": "bin.cjs"
      }
    },
    "node_modules/drizzle-orm": {
      "version": "0.44.3",
      "resolved": "https://registry.npmjs.org/drizzle-orm/-/drizzle-orm-0.44.3.tgz",
      "integrity": "sha512-8nIiYQxOpgUicEL04YFojJmvC4DNO4KoyXsEIqN44+g6gNBr6hmVpWk3uyAt4CaTiRGDwoU+alfqNNeonLAFOQ==",
      "license": "Apache-2.0",
      "peerDependencies": {
        "@aws-sdk/client-rds-data": ">=3",
        "@cloudflare/workers-types": ">=4",
        "@electric-sql/pglite": ">=0.2.0",
        "@libsql/client": ">=0.10.0",
        "@libsql/client-wasm": ">=0.10.0",
        "@neondatabase/serverless": ">=0.10.0",
        "@op-engineering/op-sqlite": ">=2",
        "@opentelemetry/api": "^1.4.1",
        "@planetscale/database": ">=1.13",
        "@prisma/client": "*",
        "@tidbcloud/serverless": "*",
        "@types/better-sqlite3": "*",
        "@types/pg": "*",
        "@types/sql.js": "*",
        "@upstash/redis": ">=1.34.7",
        "@vercel/postgres": ">=0.8.0",
        "@xata.io/client": "*",
        "better-sqlite3": ">=7",
        "bun-types": "*",
        "expo-sqlite": ">=14.0.0",
        "gel": ">=2",
        "knex": "*",
        "kysely": "*",
        "mysql2": ">=2",
        "pg": ">=8",
        "postgres": ">=3",
        "sql.js": ">=1",
        "sqlite3": ">=5"
      },
      "peerDependenciesMeta": {
        "@aws-sdk/client-rds-data": {
          "optional": true
        },
        "@cloudflare/workers-types": {
          "optional": true
        },
        "@electric-sql/pglite": {
          "optional": true
        },
        "@libsql/client": {
          "optional": true
        },
        "@libsql/client-wasm": {
          "optional": true
        },
        "@neondatabase/serverless": {
          "optional": true
        },
        "@op-engineering/op-sqlite": {
          "optional": true
        },
        "@opentelemetry/api": {
          "optional": true
        },
        "@planetscale/database": {
          "optional": true
        },
        "@prisma/client": {
          "optional": true
        },
        "@tidbcloud/serverless": {
          "optional": true
        },
        "@types/better-sqlite3": {
          "optional": true
        },
        "@types/pg": {
          "optional": true
        },
        "@types/sql.js": {
          "optional": true
        },
        "@upstash/redis": {
          "optional": true
        },
        "@vercel/postgres": {
          "optional": true
        },
        "@xata.io/client": {
          "optional": true
        },
        "better-sqlite3": {
          "optional": true
        },
        "bun-types": {
          "optional": true
        },
        "expo-sqlite": {
          "optional": true
        },
        "gel": {
          "optional": true
        },
        "knex": {
          "optional": true
        },
        "kysely": {
          "optional": true
        },
        "mysql2": {
          "optional": true
        },
        "pg": {
          "optional": true
        },
        "postgres": {
          "optional": true
        },
        "prisma": {
          "optional": true
        },
        "sql.js": {
          "optional": true
        },
        "sqlite3": {
          "optional": true
        }
      }
    },
    "node_modules/dunder-proto": {
      "version": "1.0.1",
      "resolved": "https://registry.npmjs.org/dunder-proto/-/dunder-proto-1.0.1.tgz",
      "integrity": "sha512-KIN/nDJBQRcXw0MLVhZE9iQHmG68qAVIBg9CqmUYjmQIhgij9U5MFvrqkUL5FbtyyzZuOeOt0zdeRe4UY7ct+A==",
      "license": "MIT",
      "dependencies": {
        "call-bind-apply-helpers": "^1.0.1",
        "es-errors": "^1.3.0",
        "gopd": "^1.2.0"
      },
      "engines": {
        "node": ">= 0.4"
      }
    },
    "node_modules/ee-first": {
      "version": "1.1.1",
      "resolved": "https://registry.npmjs.org/ee-first/-/ee-first-1.1.1.tgz",
      "integrity": "sha512-WMwm9LhRUo+WUaRN+vRuETqG89IgZphVSNkdFgeb6sS/E4OrDIN7t48CAewSHXc6C8lefD8KKfr5vY61brQlow==",
      "license": "MIT"
    },
    "node_modules/encodeurl": {
      "version": "2.0.0",
      "resolved": "https://registry.npmjs.org/encodeurl/-/encodeurl-2.0.0.tgz",
      "integrity": "sha512-Q0n9HRi4m6JuGIV1eFlmvJB7ZEVxu93IrMyiMsGC0lrMJMWzRgx6WGquyfQgZVb31vhGgXnfmPNNXmxnOkRBrg==",
      "license": "MIT",
      "engines": {
        "node": ">= 0.8"
      }
    },
    "node_modules/es-define-property": {
      "version": "1.0.1",
      "resolved": "https://registry.npmjs.org/es-define-property/-/es-define-property-1.0.1.tgz",
      "integrity": "sha512-e3nRfgfUZ4rNGL232gUgX06QNyyez04KdjFrF+LTRoOXmrOgFKDg4BCdsjW8EnT69eqdYGmRpJwiPVYNrCaW3g==",
      "license": "MIT",
      "engines": {
        "node": ">= 0.4"
      }
    },
    "node_modules/es-errors": {
      "version": "1.3.0",
      "resolved": "https://registry.npmjs.org/es-errors/-/es-errors-1.3.0.tgz",
      "integrity": "sha512-Zf5H2Kxt2xjTvbJvP2ZWLEICxA6j+hAmMzIlypy4xcBg1vKVnx89Wy0GbS+kf5cwCVFFzdCFh2XSCFNULS6csw==",
      "license": "MIT",
      "engines": {
        "node": ">= 0.4"
      }
    },
    "node_modules/es-object-atoms": {
      "version": "1.1.1",
      "resolved": "https://registry.npmjs.org/es-object-atoms/-/es-object-atoms-1.1.1.tgz",
      "integrity": "sha512-FGgH2h8zKNim9ljj7dankFPcICIK9Cp5bm+c2gQSYePhpaG5+esrLODihIorn+Pe6FGJzWhXQotPv73jTaldXA==",
      "license": "MIT",
      "dependencies": {
        "es-errors": "^1.3.0"
      },
      "engines": {
        "node": ">= 0.4"
      }
    },
    "node_modules/es5-ext": {
      "version": "0.10.64",
      "resolved": "https://registry.npmjs.org/es5-ext/-/es5-ext-0.10.64.tgz",
      "integrity": "sha512-p2snDhiLaXe6dahss1LddxqEm+SkuDvV8dnIQG0MWjyHpcMNfXKPE+/Cc0y+PhxJX3A4xGNeFCj5oc0BUh6deg==",
      "hasInstallScript": true,
      "license": "ISC",
      "dependencies": {
        "es6-iterator": "^2.0.3",
        "es6-symbol": "^3.1.3",
        "esniff": "^2.0.1",
        "next-tick": "^1.1.0"
      },
      "engines": {
        "node": ">=0.10"
      }
    },
    "node_modules/es6-iterator": {
      "version": "2.0.3",
      "resolved": "https://registry.npmjs.org/es6-iterator/-/es6-iterator-2.0.3.tgz",
      "integrity": "sha512-zw4SRzoUkd+cl+ZoE15A9o1oQd920Bb0iOJMQkQhl3jNc03YqVjAhG7scf9C5KWRU/R13Orf588uCC6525o02g==",
      "license": "MIT",
      "dependencies": {
        "d": "1",
        "es5-ext": "^0.10.35",
        "es6-symbol": "^3.1.1"
      }
    },
    "node_modules/es6-symbol": {
      "version": "3.1.4",
      "resolved": "https://registry.npmjs.org/es6-symbol/-/es6-symbol-3.1.4.tgz",
      "integrity": "sha512-U9bFFjX8tFiATgtkJ1zg25+KviIXpgRvRHS8sau3GfhVzThRQrOeksPeT0BWW2MNZs1OEWJ1DPXOQMn0KKRkvg==",
      "license": "ISC",
      "dependencies": {
        "d": "^1.0.2",
        "ext": "^1.7.0"
      },
      "engines": {
        "node": ">=0.12"
      }
    },
    "node_modules/es6-weak-map": {
      "version": "2.0.3",
      "resolved": "https://registry.npmjs.org/es6-weak-map/-/es6-weak-map-2.0.3.tgz",
      "integrity": "sha512-p5um32HOTO1kP+w7PRnB+5lQ43Z6muuMuIMffvDN8ZB4GcnjLBV6zGStpbASIMk4DCAvEaamhe2zhyCb/QXXsA==",
      "license": "ISC",
      "dependencies": {
        "d": "1",
        "es5-ext": "^0.10.46",
        "es6-iterator": "^2.0.3",
        "es6-symbol": "^3.1.1"
      }
    },
    "node_modules/esbuild": {
      "version": "0.25.8",
      "resolved": "https://registry.npmjs.org/esbuild/-/esbuild-0.25.8.tgz",
      "integrity": "sha512-vVC0USHGtMi8+R4Kz8rt6JhEWLxsv9Rnu/lGYbPR8u47B+DCBksq9JarW0zOO7bs37hyOK1l2/oqtbciutL5+Q==",
      "hasInstallScript": true,
      "license": "MIT",
      "bin": {
        "esbuild": "bin/esbuild"
      },
      "engines": {
        "node": ">=18"
      },
      "optionalDependencies": {
        "@esbuild/aix-ppc64": "0.25.8",
        "@esbuild/android-arm": "0.25.8",
        "@esbuild/android-arm64": "0.25.8",
        "@esbuild/android-x64": "0.25.8",
        "@esbuild/darwin-arm64": "0.25.8",
        "@esbuild/darwin-x64": "0.25.8",
        "@esbuild/freebsd-arm64": "0.25.8",
        "@esbuild/freebsd-x64": "0.25.8",
        "@esbuild/linux-arm": "0.25.8",
        "@esbuild/linux-arm64": "0.25.8",
        "@esbuild/linux-ia32": "0.25.8",
        "@esbuild/linux-loong64": "0.25.8",
        "@esbuild/linux-mips64el": "0.25.8",
        "@esbuild/linux-ppc64": "0.25.8",
        "@esbuild/linux-riscv64": "0.25.8",
        "@esbuild/linux-s390x": "0.25.8",
        "@esbuild/linux-x64": "0.25.8",
        "@esbuild/netbsd-arm64": "0.25.8",
        "@esbuild/netbsd-x64": "0.25.8",
        "@esbuild/openbsd-arm64": "0.25.8",
        "@esbuild/openbsd-x64": "0.25.8",
        "@esbuild/openharmony-arm64": "0.25.8",
        "@esbuild/sunos-x64": "0.25.8",
        "@esbuild/win32-arm64": "0.25.8",
        "@esbuild/win32-ia32": "0.25.8",
        "@esbuild/win32-x64": "0.25.8"
      }
    },
    "node_modules/esbuild-register": {
      "version": "3.6.0",
      "resolved": "https://registry.npmjs.org/esbuild-register/-/esbuild-register-3.6.0.tgz",
      "integrity": "sha512-H2/S7Pm8a9CL1uhp9OvjwrBh5Pvx0H8qVOxNu8Wed9Y7qv56MPtq+GGM8RJpq6glYJn9Wspr8uw7l55uyinNeg==",
      "license": "MIT",
      "dependencies": {
        "debug": "^4.3.4"
      },
      "peerDependencies": {
        "esbuild": ">=0.12 <1"
      }
    },
    "node_modules/escape-html": {
      "version": "1.0.3",
      "resolved": "https://registry.npmjs.org/escape-html/-/escape-html-1.0.3.tgz",
      "integrity": "sha512-NiSupZ4OeuGwr68lGIeym/ksIZMJodUGOSCZ/FSnTxcrekbvqrgdUxlJOMpijaKZVjAJrWrGs/6Jy8OMuyj9ow==",
      "license": "MIT"
    },
    "node_modules/esniff": {
      "version": "2.0.1",
      "resolved": "https://registry.npmjs.org/esniff/-/esniff-2.0.1.tgz",
      "integrity": "sha512-kTUIGKQ/mDPFoJ0oVfcmyJn4iBDRptjNVIzwIFR7tqWXdVI9xfA2RMwY/gbSpJG3lkdWNEjLap/NqVHZiJsdfg==",
      "license": "ISC",
      "dependencies": {
        "d": "^1.0.1",
        "es5-ext": "^0.10.62",
        "event-emitter": "^0.3.5",
        "type": "^2.7.2"
      },
      "engines": {
        "node": ">=0.10"
      }
    },
    "node_modules/etag": {
      "version": "1.8.1",
      "resolved": "https://registry.npmjs.org/etag/-/etag-1.8.1.tgz",
      "integrity": "sha512-aIL5Fx7mawVa300al2BnEE4iNvo1qETxLrPI/o05L7z6go7fCw1J6EQmbK4FmJ2AS7kgVF/KEZWufBfdClMcPg==",
      "license": "MIT",
      "engines": {
        "node": ">= 0.6"
      }
    },
    "node_modules/event-emitter": {
      "version": "0.3.5",
      "resolved": "https://registry.npmjs.org/event-emitter/-/event-emitter-0.3.5.tgz",
      "integrity": "sha512-D9rRn9y7kLPnJ+hMq7S/nhvoKwwvVJahBi2BPmx3bvbsEdK3W9ii8cBSGjP+72/LnM4n6fo3+dkCX5FeTQruXA==",
      "license": "MIT",
      "dependencies": {
        "d": "1",
        "es5-ext": "~0.10.14"
      }
    },
    "node_modules/express": {
      "version": "5.1.0",
      "resolved": "https://registry.npmjs.org/express/-/express-5.1.0.tgz",
      "integrity": "sha512-DT9ck5YIRU+8GYzzU5kT3eHGA5iL+1Zd0EutOmTE9Dtk+Tvuzd23VBU+ec7HPNSTxXYO55gPV/hq4pSBJDjFpA==",
      "license": "MIT",
      "dependencies": {
        "accepts": "^2.0.0",
        "body-parser": "^2.2.0",
        "content-disposition": "^1.0.0",
        "content-type": "^1.0.5",
        "cookie": "^0.7.1",
        "cookie-signature": "^1.2.1",
        "debug": "^4.4.0",
        "encodeurl": "^2.0.0",
        "escape-html": "^1.0.3",
        "etag": "^1.8.1",
        "finalhandler": "^2.1.0",
        "fresh": "^2.0.0",
        "http-errors": "^2.0.0",
        "merge-descriptors": "^2.0.0",
        "mime-types": "^3.0.0",
        "on-finished": "^2.4.1",
        "once": "^1.4.0",
        "parseurl": "^1.3.3",
        "proxy-addr": "^2.0.7",
        "qs": "^6.14.0",
        "range-parser": "^1.2.1",
        "router": "^2.2.0",
        "send": "^1.1.0",
        "serve-static": "^2.2.0",
        "statuses": "^2.0.1",
        "type-is": "^2.0.1",
        "vary": "^1.1.2"
      },
      "engines": {
        "node": ">= 18"
      },
      "funding": {
        "type": "opencollective",
        "url": "https://opencollective.com/express"
      }
    },
    "node_modules/ext": {
      "version": "1.7.0",
      "resolved": "https://registry.npmjs.org/ext/-/ext-1.7.0.tgz",
      "integrity": "sha512-6hxeJYaL110a9b5TEJSj0gojyHQAmA2ch5Os+ySCiA1QGdS697XWY1pzsrSjqA9LDEEgdB/KypIlR59RcLuHYw==",
      "license": "ISC",
      "dependencies": {
        "type": "^2.7.2"
      }
    },
    "node_modules/finalhandler": {
      "version": "2.1.0",
      "resolved": "https://registry.npmjs.org/finalhandler/-/finalhandler-2.1.0.tgz",
      "integrity": "sha512-/t88Ty3d5JWQbWYgaOGCCYfXRwV1+be02WqYYlL6h0lEiUAMPM8o8qKGO01YIkOHzka2up08wvgYD0mDiI+q3Q==",
      "license": "MIT",
      "dependencies": {
        "debug": "^4.4.0",
        "encodeurl": "^2.0.0",
        "escape-html": "^1.0.3",
        "on-finished": "^2.4.1",
        "parseurl": "^1.3.3",
        "statuses": "^2.0.1"
      },
      "engines": {
        "node": ">= 0.8"
      }
    },
    "node_modules/forwarded": {
      "version": "0.2.0",
      "resolved": "https://registry.npmjs.org/forwarded/-/forwarded-0.2.0.tgz",
      "integrity": "sha512-buRG0fpBtRHSTCOASe6hD258tEubFoRLb4ZNA6NxMVHNw2gOcwHo9wyablzMzOA5z9xA9L1KNjk/Nt6MT9aYow==",
      "license": "MIT",
      "engines": {
        "node": ">= 0.6"
      }
    },
    "node_modules/fresh": {
      "version": "2.0.0",
      "resolved": "https://registry.npmjs.org/fresh/-/fresh-2.0.0.tgz",
      "integrity": "sha512-Rx/WycZ60HOaqLKAi6cHRKKI7zxWbJ31MhntmtwMoaTeF7XFH9hhBp8vITaMidfljRQ6eYWCKkaTK+ykVJHP2A==",
      "license": "MIT",
      "engines": {
        "node": ">= 0.8"
      }
    },
    "node_modules/fsevents": {
      "version": "2.3.3",
      "resolved": "https://registry.npmjs.org/fsevents/-/fsevents-2.3.3.tgz",
      "integrity": "sha512-5xoDfX+fL7faATnagmWPpbFtwh/R77WmMMqqHGS65C3vvB0YHrgF+B1YmZ3441tMj5n63k0212XNoJwzlhffQw==",
      "hasInstallScript": true,
      "license": "MIT",
      "optional": true,
      "os": [
        "darwin"
      ],
      "engines": {
        "node": "^8.16.0 || ^10.6.0 || >=11.0.0"
      }
    },
    "node_modules/function-bind": {
      "version": "1.1.2",
      "resolved": "https://registry.npmjs.org/function-bind/-/function-bind-1.1.2.tgz",
      "integrity": "sha512-7XHNxH7qX9xG5mIwxkhumTox/MIRNcOgDrxWsMt2pAr23WHp6MrRlN7FBSFpCpr+oVO0F744iUgR82nJMfG2SA==",
      "license": "MIT",
      "funding": {
        "url": "https://github.com/sponsors/ljharb"
      }
    },
    "node_modules/get-intrinsic": {
      "version": "1.3.0",
      "resolved": "https://registry.npmjs.org/get-intrinsic/-/get-intrinsic-1.3.0.tgz",
      "integrity": "sha512-9fSjSaos/fRIVIp+xSJlE6lfwhES7LNtKaCBIamHsjr2na1BiABJPo0mOjjz8GJDURarmCPGqaiVg5mfjb98CQ==",
      "license": "MIT",
      "dependencies": {
        "call-bind-apply-helpers": "^1.0.2",
        "es-define-property": "^1.0.1",
        "es-errors": "^1.3.0",
        "es-object-atoms": "^1.1.1",
        "function-bind": "^1.1.2",
        "get-proto": "^1.0.1",
        "gopd": "^1.2.0",
        "has-symbols": "^1.1.0",
        "hasown": "^2.0.2",
        "math-intrinsics": "^1.1.0"
      },
      "engines": {
        "node": ">= 0.4"
      },
      "funding": {
        "url": "https://github.com/sponsors/ljharb"
      }
    },
    "node_modules/get-proto": {
      "version": "1.0.1",
      "resolved": "https://registry.npmjs.org/get-proto/-/get-proto-1.0.1.tgz",
      "integrity": "sha512-sTSfBjoXBp89JvIKIefqw7U2CCebsc74kiY6awiGogKtoSGbgjYE/G/+l9sF3MWFPNc9IcoOC4ODfKHfxFmp0g==",
      "license": "MIT",
      "dependencies": {
        "dunder-proto": "^1.0.1",
        "es-object-atoms": "^1.0.0"
      },
      "engines": {
        "node": ">= 0.4"
      }
    },
    "node_modules/get-tsconfig": {
      "version": "4.10.1",
      "resolved": "https://registry.npmjs.org/get-tsconfig/-/get-tsconfig-4.10.1.tgz",
      "integrity": "sha512-auHyJ4AgMz7vgS8Hp3N6HXSmlMdUyhSUrfBF16w153rxtLIEOE+HGqaBppczZvnHLqQJfiHotCYpNhl0lUROFQ==",
      "license": "MIT",
      "dependencies": {
        "resolve-pkg-maps": "^1.0.0"
      },
      "funding": {
        "url": "https://github.com/privatenumber/get-tsconfig?sponsor=1"
      }
    },
    "node_modules/gopd": {
      "version": "1.2.0",
      "resolved": "https://registry.npmjs.org/gopd/-/gopd-1.2.0.tgz",
      "integrity": "sha512-ZUKRh6/kUFoAiTAtTYPZJ3hw9wNxx+BIBOijnlG9PnrJsCcSjs1wyyD6vJpaYtgnzDrKYRSqf3OO6Rfa93xsRg==",
      "license": "MIT",
      "engines": {
        "node": ">= 0.4"
      },
      "funding": {
        "url": "https://github.com/sponsors/ljharb"
      }
    },
    "node_modules/has-symbols": {
      "version": "1.1.0",
      "resolved": "https://registry.npmjs.org/has-symbols/-/has-symbols-1.1.0.tgz",
      "integrity": "sha512-1cDNdwJ2Jaohmb3sg4OmKaMBwuC48sYni5HUw2DvsC8LjGTLK9h+eb1X6RyuOHe4hT0ULCW68iomhjUoKUqlPQ==",
      "license": "MIT",
      "engines": {
        "node": ">= 0.4"
      },
      "funding": {
        "url": "https://github.com/sponsors/ljharb"
      }
    },
    "node_modules/hasown": {
      "version": "2.0.2",
      "resolved": "https://registry.npmjs.org/hasown/-/hasown-2.0.2.tgz",
      "integrity": "sha512-0hJU9SCPvmMzIBdZFqNPXWa6dqh7WdH0cII9y+CyS8rG3nL48Bclra9HmKhVVUHyPWNH5Y7xDwAB7bfgSjkUMQ==",
      "license": "MIT",
      "dependencies": {
        "function-bind": "^1.1.2"
      },
      "engines": {
        "node": ">= 0.4"
      }
    },
    "node_modules/http-errors": {
      "version": "2.0.0",
      "resolved": "https://registry.npmjs.org/http-errors/-/http-errors-2.0.0.tgz",
      "integrity": "sha512-FtwrG/euBzaEjYeRqOgly7G0qviiXoJWnvEH2Z1plBdXgbyjv34pHTSb9zoeHMyDy33+DWy5Wt9Wo+TURtOYSQ==",
      "license": "MIT",
      "dependencies": {
        "depd": "2.0.0",
        "inherits": "2.0.4",
        "setprototypeof": "1.2.0",
        "statuses": "2.0.1",
        "toidentifier": "1.0.1"
      },
      "engines": {
        "node": ">= 0.8"
      }
    },
    "node_modules/http-errors/node_modules/statuses": {
      "version": "2.0.1",
      "resolved": "https://registry.npmjs.org/statuses/-/statuses-2.0.1.tgz",
      "integrity": "sha512-RwNA9Z/7PrK06rYLIzFMlaF+l73iwpzsqRIFgbMLbTcLD6cOao82TaWefPXQvB2fOC4AjuYSEndS7N/mTCbkdQ==",
      "license": "MIT",
      "engines": {
        "node": ">= 0.8"
      }
    },
    "node_modules/iconv-lite": {
      "version": "0.6.3",
      "resolved": "https://registry.npmjs.org/iconv-lite/-/iconv-lite-0.6.3.tgz",
      "integrity": "sha512-4fCk79wshMdzMp2rH06qWrJE4iolqLhCUH+OiuIgU++RB0+94NlDL81atO7GX55uUKueo0txHNtvEyI6D7WdMw==",
      "license": "MIT",
      "dependencies": {
        "safer-buffer": ">= 2.1.2 < 3.0.0"
      },
      "engines": {
        "node": ">=0.10.0"
      }
    },
    "node_modules/inherits": {
      "version": "2.0.4",
      "resolved": "https://registry.npmjs.org/inherits/-/inherits-2.0.4.tgz",
      "integrity": "sha512-k/vGaX4/Yla3WzyMCvTQOXYeIHvqOKtnqBduzTHpzpQZzAskKMhZ2K+EnBiSM9zGSoIFeMpXKxa4dYeZIQqewQ==",
      "license": "ISC"
    },
    "node_modules/ipaddr.js": {
      "version": "1.9.1",
      "resolved": "https://registry.npmjs.org/ipaddr.js/-/ipaddr.js-1.9.1.tgz",
      "integrity": "sha512-0KI/607xoxSToH7GjN1FfSbLoU0+btTicjsQSWQlh/hZykN8KpmMf7uYwPW3R+akZ6R/w18ZlXSHBYXiYUPO3g==",
      "license": "MIT",
      "engines": {
        "node": ">= 0.10"
      }
    },
    "node_modules/is-promise": {
      "version": "2.2.2",
      "resolved": "https://registry.npmjs.org/is-promise/-/is-promise-2.2.2.tgz",
      "integrity": "sha512-+lP4/6lKUBfQjZ2pdxThZvLUAafmZb8OAxFb8XXtiQmS35INgr85hdOGoEs124ez1FCnZJt6jau/T+alh58QFQ==",
      "license": "MIT"
    },
    "node_modules/jose": {
      "version": "6.0.12",
      "resolved": "https://registry.npmjs.org/jose/-/jose-6.0.12.tgz",
      "integrity": "sha512-T8xypXs8CpmiIi78k0E+Lk7T2zlK4zDyg+o1CZ4AkOHgDg98ogdP2BeZ61lTFKFyoEwJ9RgAgN+SdM3iPgNonQ==",
      "license": "MIT",
      "funding": {
        "url": "https://github.com/sponsors/panva"
      }
    },
    "node_modules/lru-queue": {
      "version": "0.1.0",
      "resolved": "https://registry.npmjs.org/lru-queue/-/lru-queue-0.1.0.tgz",
      "integrity": "sha512-BpdYkt9EvGl8OfWHDQPISVpcl5xZthb+XPsbELj5AQXxIC8IriDZIQYjBJPEm5rS420sjZ0TLEzRcq5KdBhYrQ==",
      "license": "MIT",
      "dependencies": {
        "es5-ext": "~0.10.2"
      }
    },
    "node_modules/make-error": {
      "version": "1.3.6",
      "resolved": "https://registry.npmjs.org/make-error/-/make-error-1.3.6.tgz",
      "integrity": "sha512-s8UhlNe7vPKomQhC1qFelMokr/Sc3AgNbso3n74mVPA5LTZwkB9NlXf4XPamLxJE8h0gh73rM94xvwRT2CVInw==",
      "license": "ISC"
    },
    "node_modules/math-intrinsics": {
      "version": "1.1.0",
      "resolved": "https://registry.npmjs.org/math-intrinsics/-/math-intrinsics-1.1.0.tgz",
      "integrity": "sha512-/IXtbwEk5HTPyEwyKX6hGkYXxM9nbj64B+ilVJnC/R6B0pH5G4V3b0pVbL7DBj4tkhBAppbQUlf6F6Xl9LHu1g==",
      "license": "MIT",
      "engines": {
        "node": ">= 0.4"
      }
    },
    "node_modules/media-typer": {
      "version": "1.1.0",
      "resolved": "https://registry.npmjs.org/media-typer/-/media-typer-1.1.0.tgz",
      "integrity": "sha512-aisnrDP4GNe06UcKFnV5bfMNPBUw4jsLGaWwWfnH3v02GnBuXX2MCVn5RbrWo0j3pczUilYblq7fQ7Nw2t5XKw==",
      "license": "MIT",
      "engines": {
        "node": ">= 0.8"
      }
    },
    "node_modules/memoizee": {
      "version": "0.4.17",
      "resolved": "https://registry.npmjs.org/memoizee/-/memoizee-0.4.17.tgz",
      "integrity": "sha512-DGqD7Hjpi/1or4F/aYAspXKNm5Yili0QDAFAY4QYvpqpgiY6+1jOfqpmByzjxbWd/T9mChbCArXAbDAsTm5oXA==",
      "license": "ISC",
      "dependencies": {
        "d": "^1.0.2",
        "es5-ext": "^0.10.64",
        "es6-weak-map": "^2.0.3",
        "event-emitter": "^0.3.5",
        "is-promise": "^2.2.2",
        "lru-queue": "^0.1.0",
        "next-tick": "^1.1.0",
        "timers-ext": "^0.1.7"
      },
      "engines": {
        "node": ">=0.12"
      }
    },
    "node_modules/merge-descriptors": {
      "version": "2.0.0",
      "resolved": "https://registry.npmjs.org/merge-descriptors/-/merge-descriptors-2.0.0.tgz",
      "integrity": "sha512-Snk314V5ayFLhp3fkUREub6WtjBfPdCPY1Ln8/8munuLuiYhsABgBVWsozAG+MWMbVEvcdcpbi9R7ww22l9Q3g==",
      "license": "MIT",
      "engines": {
        "node": ">=18"
      },
      "funding": {
        "url": "https://github.com/sponsors/sindresorhus"
      }
    },
    "node_modules/mime-db": {
      "version": "1.54.0",
      "resolved": "https://registry.npmjs.org/mime-db/-/mime-db-1.54.0.tgz",
      "integrity": "sha512-aU5EJuIN2WDemCcAp2vFBfp/m4EAhWJnUNSSw0ixs7/kXbd6Pg64EmwJkNdFhB8aWt1sH2CTXrLxo/iAGV3oPQ==",
      "license": "MIT",
      "engines": {
        "node": ">= 0.6"
      }
    },
    "node_modules/mime-types": {
      "version": "3.0.1",
      "resolved": "https://registry.npmjs.org/mime-types/-/mime-types-3.0.1.tgz",
      "integrity": "sha512-xRc4oEhT6eaBpU1XF7AjpOFD+xQmXNB5OVKwp4tqCuBpHLS/ZbBDrc07mYTDqVMg6PfxUjjNp85O6Cd2Z/5HWA==",
      "license": "MIT",
      "dependencies": {
        "mime-db": "^1.54.0"
      },
      "engines": {
        "node": ">= 0.6"
      }
    },
    "node_modules/ms": {
      "version": "2.1.3",
      "resolved": "https://registry.npmjs.org/ms/-/ms-2.1.3.tgz",
      "integrity": "sha512-6FlzubTLZG3J2a/NVCAleEhjzq5oxgHyaCU9yYXvcLsvoVaHJq/s5xXI6/XXP6tz7R9xAOtHnSO/tXtF3WRTlA==",
      "license": "MIT"
    },
    "node_modules/negotiator": {
      "version": "1.0.0",
      "resolved": "https://registry.npmjs.org/negotiator/-/negotiator-1.0.0.tgz",
      "integrity": "sha512-8Ofs/AUQh8MaEcrlq5xOX0CQ9ypTF5dl78mjlMNfOK08fzpgTHQRQPBxcPlEtIw0yRpws+Zo/3r+5WRby7u3Gg==",
      "license": "MIT",
      "engines": {
        "node": ">= 0.6"
      }
    },
    "node_modules/next-tick": {
      "version": "1.1.0",
      "resolved": "https://registry.npmjs.org/next-tick/-/next-tick-1.1.0.tgz",
      "integrity": "sha512-CXdUiJembsNjuToQvxayPZF9Vqht7hewsvy2sOWafLvi2awflj9mOC6bHIg50orX8IJvWKY9wYQ/zB2kogPslQ==",
      "license": "ISC"
    },
    "node_modules/oauth4webapi": {
      "version": "3.6.0",
      "resolved": "https://registry.npmjs.org/oauth4webapi/-/oauth4webapi-3.6.0.tgz",
      "integrity": "sha512-OwXPTXjKPOldTpAa19oksrX9TYHA0rt+VcUFTkJ7QKwgmevPpNm9Cn5vFZUtIo96FiU6AfPuUUGzoXqgOzibWg==",
      "license": "MIT",
      "funding": {
        "url": "https://github.com/sponsors/panva"
      }
    },
    "node_modules/object-assign": {
      "version": "4.1.1",
      "resolved": "https://registry.npmjs.org/object-assign/-/object-assign-4.1.1.tgz",
      "integrity": "sha512-rJgTQnkUnH1sFw8yT6VSU3zD3sWmu6sZhIseY8VX+GRu3P6F7Fu+JNDoXfklElbLJSnc3FUQHVe4cU5hj+BcUg==",
      "license": "MIT",
      "engines": {
        "node": ">=0.10.0"
      }
    },
    "node_modules/object-inspect": {
      "version": "1.13.4",
      "resolved": "https://registry.npmjs.org/object-inspect/-/object-inspect-1.13.4.tgz",
      "integrity": "sha512-W67iLl4J2EXEGTbfeHCffrjDfitvLANg0UlX3wFUUSTx92KXRFegMHUVgSqE+wvhAbi4WqjGg9czysTV2Epbew==",
      "license": "MIT",
      "engines": {
        "node": ">= 0.4"
      },
      "funding": {
        "url": "https://github.com/sponsors/ljharb"
      }
    },
    "node_modules/on-finished": {
      "version": "2.4.1",
      "resolved": "https://registry.npmjs.org/on-finished/-/on-finished-2.4.1.tgz",
      "integrity": "sha512-oVlzkg3ENAhCk2zdv7IJwd/QUD4z2RxRwpkcGY8psCVcCYZNq4wYnVWALHM+brtuJjePWiYF/ClmuDr8Ch5+kg==",
      "license": "MIT",
      "dependencies": {
        "ee-first": "1.1.1"
      },
      "engines": {
        "node": ">= 0.8"
      }
    },
    "node_modules/once": {
      "version": "1.4.0",
      "resolved": "https://registry.npmjs.org/once/-/once-1.4.0.tgz",
      "integrity": "sha512-lNaJgI+2Q5URQBkccEKHTQOPaXdUxnZZElQTZY0MFUAuaEqe1E+Nyvgdz/aIyNi6Z9MzO5dv1H8n58/GELp3+w==",
      "license": "ISC",
      "dependencies": {
        "wrappy": "1"
      }
    },
    "node_modules/openid-client": {
      "version": "6.6.2",
      "resolved": "https://registry.npmjs.org/openid-client/-/openid-client-6.6.2.tgz",
      "integrity": "sha512-Xya5TNMnnZuTM6DbHdB4q0S3ig2NTAELnii/ASie1xDEr8iiB8zZbO871OWBdrw++sd3hW6bqWjgcmSy1RTWHA==",
      "license": "MIT",
      "dependencies": {
        "jose": "^6.0.11",
        "oauth4webapi": "^3.5.4"
      },
      "funding": {
        "url": "https://github.com/sponsors/panva"
      }
    },
    "node_modules/parseurl": {
      "version": "1.3.3",
      "resolved": "https://registry.npmjs.org/parseurl/-/parseurl-1.3.3.tgz",
      "integrity": "sha512-CiyeOxFT/JZyN5m0z9PfXw4SCBJ6Sygz1Dpl0wqjlhDEGGBP1GnsUVEL0p63hoG1fcj3fHynXi9NYO4nWOL+qQ==",
      "license": "MIT",
      "engines": {
        "node": ">= 0.8"
      }
    },
    "node_modules/path-to-regexp": {
      "version": "8.2.0",
      "resolved": "https://registry.npmjs.org/path-to-regexp/-/path-to-regexp-8.2.0.tgz",
      "integrity": "sha512-TdrF7fW9Rphjq4RjrW0Kp2AW0Ahwu9sRGTkS6bvDi0SCwZlEZYmcfDbEsTz8RVk0EHIS/Vd1bv3JhG+1xZuAyQ==",
      "license": "MIT",
      "engines": {
        "node": ">=16"
      }
    },
    "node_modules/pg-int8": {
      "version": "1.0.1",
      "resolved": "https://registry.npmjs.org/pg-int8/-/pg-int8-1.0.1.tgz",
      "integrity": "sha512-WCtabS6t3c8SkpDBUlb1kjOs7l66xsGdKpIPZsg4wR+B3+u9UAum2odSsF9tnvxg80h4ZxLWMy4pRjOsFIqQpw==",
      "license": "ISC",
      "engines": {
        "node": ">=4.0.0"
      }
    },
    "node_modules/pg-protocol": {
      "version": "1.10.3",
      "resolved": "https://registry.npmjs.org/pg-protocol/-/pg-protocol-1.10.3.tgz",
      "integrity": "sha512-6DIBgBQaTKDJyxnXaLiLR8wBpQQcGWuAESkRBX/t6OwA8YsqP+iVSiond2EDy6Y/dsGk8rh/jtax3js5NeV7JQ==",
      "license": "MIT"
    },
    "node_modules/pg-types": {
      "version": "2.2.0",
      "resolved": "https://registry.npmjs.org/pg-types/-/pg-types-2.2.0.tgz",
      "integrity": "sha512-qTAAlrEsl8s4OiEQY69wDvcMIdQN6wdz5ojQiOy6YRMuynxenON0O5oCpJI6lshc6scgAY8qvJ2On/p+CXY0GA==",
      "license": "MIT",
      "dependencies": {
        "pg-int8": "1.0.1",
        "postgres-array": "~2.0.0",
        "postgres-bytea": "~1.0.0",
        "postgres-date": "~1.0.4",
        "postgres-interval": "^1.1.0"
      },
      "engines": {
        "node": ">=4"
      }
    },
    "node_modules/postgres-array": {
      "version": "2.0.0",
      "resolved": "https://registry.npmjs.org/postgres-array/-/postgres-array-2.0.0.tgz",
      "integrity": "sha512-VpZrUqU5A69eQyW2c5CA1jtLecCsN2U/bD6VilrFDWq5+5UIEVO7nazS3TEcHf1zuPYO/sqGvUvW62g86RXZuA==",
      "license": "MIT",
      "engines": {
        "node": ">=4"
      }
    },
    "node_modules/postgres-bytea": {
      "version": "1.0.0",
      "resolved": "https://registry.npmjs.org/postgres-bytea/-/postgres-bytea-1.0.0.tgz",
      "integrity": "sha512-xy3pmLuQqRBZBXDULy7KbaitYqLcmxigw14Q5sj8QBVLqEwXfeybIKVWiqAXTlcvdvb0+xkOtDbfQMOf4lST1w==",
      "license": "MIT",
      "engines": {
        "node": ">=0.10.0"
      }
    },
    "node_modules/postgres-date": {
      "version": "1.0.7",
      "resolved": "https://registry.npmjs.org/postgres-date/-/postgres-date-1.0.7.tgz",
      "integrity": "sha512-suDmjLVQg78nMK2UZ454hAG+OAW+HQPZ6n++TNDUX+L0+uUlLywnoxJKDou51Zm+zTCjrCl0Nq6J9C5hP9vK/Q==",
      "license": "MIT",
      "engines": {
        "node": ">=0.10.0"
      }
    },
    "node_modules/postgres-interval": {
      "version": "1.2.0",
      "resolved": "https://registry.npmjs.org/postgres-interval/-/postgres-interval-1.2.0.tgz",
      "integrity": "sha512-9ZhXKM/rw350N1ovuWHbGxnGh/SNJ4cnxHiM0rxE4VN41wsg8P8zWn9hv/buK00RP4WvlOyr/RBDiptyxVbkZQ==",
      "license": "MIT",
      "dependencies": {
        "xtend": "^4.0.0"
      },
      "engines": {
        "node": ">=0.10.0"
      }
    },
    "node_modules/proxy-addr": {
      "version": "2.0.7",
      "resolved": "https://registry.npmjs.org/proxy-addr/-/proxy-addr-2.0.7.tgz",
      "integrity": "sha512-llQsMLSUDUPT44jdrU/O37qlnifitDP+ZwrmmZcoSKyLKvtZxpyV0n2/bD/N4tBAAZ/gJEdZU7KMraoK1+XYAg==",
      "license": "MIT",
      "dependencies": {
        "forwarded": "0.2.0",
        "ipaddr.js": "1.9.1"
      },
      "engines": {
        "node": ">= 0.10"
      }
    },
    "node_modules/qs": {
      "version": "6.14.0",
      "resolved": "https://registry.npmjs.org/qs/-/qs-6.14.0.tgz",
      "integrity": "sha512-YWWTjgABSKcvs/nWBi9PycY/JiPJqOD4JA6o9Sej2AtvSGarXxKC3OQSk4pAarbdQlKAh5D4FCQkJNkW+GAn3w==",
      "license": "BSD-3-Clause",
      "dependencies": {
        "side-channel": "^1.1.0"
      },
      "engines": {
        "node": ">=0.6"
      },
      "funding": {
        "url": "https://github.com/sponsors/ljharb"
      }
    },
    "node_modules/range-parser": {
      "version": "1.2.1",
      "resolved": "https://registry.npmjs.org/range-parser/-/range-parser-1.2.1.tgz",
      "integrity": "sha512-Hrgsx+orqoygnmhFbKaHE6c296J+HTAQXoxEF6gNupROmmGJRoyzfG3ccAveqCBrwr/2yxQ5BVd/GTl5agOwSg==",
      "license": "MIT",
      "engines": {
        "node": ">= 0.6"
      }
    },
    "node_modules/raw-body": {
      "version": "3.0.0",
      "resolved": "https://registry.npmjs.org/raw-body/-/raw-body-3.0.0.tgz",
      "integrity": "sha512-RmkhL8CAyCRPXCE28MMH0z2PNWQBNk2Q09ZdxM9IOOXwxwZbN+qbWaatPkdkWIKL2ZVDImrN/pK5HTRz2PcS4g==",
      "license": "MIT",
      "dependencies": {
        "bytes": "3.1.2",
        "http-errors": "2.0.0",
        "iconv-lite": "0.6.3",
        "unpipe": "1.0.0"
      },
      "engines": {
        "node": ">= 0.8"
      }
    },
    "node_modules/resolve-pkg-maps": {
      "version": "1.0.0",
      "resolved": "https://registry.npmjs.org/resolve-pkg-maps/-/resolve-pkg-maps-1.0.0.tgz",
      "integrity": "sha512-seS2Tj26TBVOC2NIc2rOe2y2ZO7efxITtLZcGSOnHHNOQ7CkiUBfw0Iw2ck6xkIhPwLhKNLS8BO+hEpngQlqzw==",
      "license": "MIT",
      "funding": {
        "url": "https://github.com/privatenumber/resolve-pkg-maps?sponsor=1"
      }
    },
    "node_modules/router": {
      "version": "2.2.0",
      "resolved": "https://registry.npmjs.org/router/-/router-2.2.0.tgz",
      "integrity": "sha512-nLTrUKm2UyiL7rlhapu/Zl45FwNgkZGaCpZbIHajDYgwlJCOzLSk+cIPAnsEqV955GjILJnKbdQC1nVPz+gAYQ==",
      "license": "MIT",
      "dependencies": {
        "debug": "^4.4.0",
        "depd": "^2.0.0",
        "is-promise": "^4.0.0",
        "parseurl": "^1.3.3",
        "path-to-regexp": "^8.0.0"
      },
      "engines": {
        "node": ">= 18"
      }
    },
    "node_modules/router/node_modules/is-promise": {
      "version": "4.0.0",
      "resolved": "https://registry.npmjs.org/is-promise/-/is-promise-4.0.0.tgz",
      "integrity": "sha512-hvpoI6korhJMnej285dSg6nu1+e6uxs7zG3BYAm5byqDsgJNWwxzM6z6iZiAgQR4TJ30JmBTOwqZUw3WlyH3AQ==",
      "license": "MIT"
    },
    "node_modules/safe-buffer": {
      "version": "5.2.1",
      "resolved": "https://registry.npmjs.org/safe-buffer/-/safe-buffer-5.2.1.tgz",
      "integrity": "sha512-rp3So07KcdmmKbGvgaNxQSJr7bGVSVk5S9Eq1F+ppbRo70+YeaDxkw5Dd8NPN+GD6bjnYm2VuPuCXmpuYvmCXQ==",
      "funding": [
        {
          "type": "github",
          "url": "https://github.com/sponsors/feross"
        },
        {
          "type": "patreon",
          "url": "https://www.patreon.com/feross"
        },
        {
          "type": "consulting",
          "url": "https://feross.org/support"
        }
      ],
      "license": "MIT"
    },
    "node_modules/safer-buffer": {
      "version": "2.1.2",
      "resolved": "https://registry.npmjs.org/safer-buffer/-/safer-buffer-2.1.2.tgz",
      "integrity": "sha512-YZo3K82SD7Riyi0E1EQPojLz7kpepnSQI9IyPbHHg1XXXevb5dJI7tpyN2ADxGcQbHG7vcyRHk0cbwqcQriUtg==",
      "license": "MIT"
    },
    "node_modules/send": {
      "version": "1.2.0",
      "resolved": "https://registry.npmjs.org/send/-/send-1.2.0.tgz",
      "integrity": "sha512-uaW0WwXKpL9blXE2o0bRhoL2EGXIrZxQ2ZQ4mgcfoBxdFmQold+qWsD2jLrfZ0trjKL6vOw0j//eAwcALFjKSw==",
      "license": "MIT",
      "dependencies": {
        "debug": "^4.3.5",
        "encodeurl": "^2.0.0",
        "escape-html": "^1.0.3",
        "etag": "^1.8.1",
        "fresh": "^2.0.0",
        "http-errors": "^2.0.0",
        "mime-types": "^3.0.1",
        "ms": "^2.1.3",
        "on-finished": "^2.4.1",
        "range-parser": "^1.2.1",
        "statuses": "^2.0.1"
      },
      "engines": {
        "node": ">= 18"
      }
    },
    "node_modules/serve-static": {
      "version": "2.2.0",
      "resolved": "https://registry.npmjs.org/serve-static/-/serve-static-2.2.0.tgz",
      "integrity": "sha512-61g9pCh0Vnh7IutZjtLGGpTA355+OPn2TyDv/6ivP2h/AdAVX9azsoxmg2/M6nZeQZNYBEwIcsne1mJd9oQItQ==",
      "license": "MIT",
      "dependencies": {
        "encodeurl": "^2.0.0",
        "escape-html": "^1.0.3",
        "parseurl": "^1.3.3",
        "send": "^1.2.0"
      },
      "engines": {
        "node": ">= 18"
      }
    },
    "node_modules/setprototypeof": {
      "version": "1.2.0",
      "resolved": "https://registry.npmjs.org/setprototypeof/-/setprototypeof-1.2.0.tgz",
      "integrity": "sha512-E5LDX7Wrp85Kil5bhZv46j8jOeboKq5JMmYM3gVGdGH8xFpPWXUMsNrlODCrkoxMEeNi/XZIwuRvY4XNwYMJpw==",
      "license": "ISC"
    },
    "node_modules/side-channel": {
      "version": "1.1.0",
      "resolved": "https://registry.npmjs.org/side-channel/-/side-channel-1.1.0.tgz",
      "integrity": "sha512-ZX99e6tRweoUXqR+VBrslhda51Nh5MTQwou5tnUDgbtyM0dBgmhEDtWGP/xbKn6hqfPRHujUNwz5fy/wbbhnpw==",
      "license": "MIT",
      "dependencies": {
        "es-errors": "^1.3.0",
        "object-inspect": "^1.13.3",
        "side-channel-list": "^1.0.0",
        "side-channel-map": "^1.0.1",
        "side-channel-weakmap": "^1.0.2"
      },
      "engines": {
        "node": ">= 0.4"
      },
      "funding": {
        "url": "https://github.com/sponsors/ljharb"
      }
    },
    "node_modules/side-channel-list": {
      "version": "1.0.0",
      "resolved": "https://registry.npmjs.org/side-channel-list/-/side-channel-list-1.0.0.tgz",
      "integrity": "sha512-FCLHtRD/gnpCiCHEiJLOwdmFP+wzCmDEkc9y7NsYxeF4u7Btsn1ZuwgwJGxImImHicJArLP4R0yX4c2KCrMrTA==",
      "license": "MIT",
      "dependencies": {
        "es-errors": "^1.3.0",
        "object-inspect": "^1.13.3"
      },
      "engines": {
        "node": ">= 0.4"
      },
      "funding": {
        "url": "https://github.com/sponsors/ljharb"
      }
    },
    "node_modules/side-channel-map": {
      "version": "1.0.1",
      "resolved": "https://registry.npmjs.org/side-channel-map/-/side-channel-map-1.0.1.tgz",
      "integrity": "sha512-VCjCNfgMsby3tTdo02nbjtM/ewra6jPHmpThenkTYh8pG9ucZ/1P8So4u4FGBek/BjpOVsDCMoLA/iuBKIFXRA==",
      "license": "MIT",
      "dependencies": {
        "call-bound": "^1.0.2",
        "es-errors": "^1.3.0",
        "get-intrinsic": "^1.2.5",
        "object-inspect": "^1.13.3"
      },
      "engines": {
        "node": ">= 0.4"
      },
      "funding": {
        "url": "https://github.com/sponsors/ljharb"
      }
    },
    "node_modules/side-channel-weakmap": {
      "version": "1.0.2",
      "resolved": "https://registry.npmjs.org/side-channel-weakmap/-/side-channel-weakmap-1.0.2.tgz",
      "integrity": "sha512-WPS/HvHQTYnHisLo9McqBHOJk2FkHO/tlpvldyrnem4aeQp4hai3gythswg6p01oSoTl58rcpiFAjF2br2Ak2A==",
      "license": "MIT",
      "dependencies": {
        "call-bound": "^1.0.2",
        "es-errors": "^1.3.0",
        "get-intrinsic": "^1.2.5",
        "object-inspect": "^1.13.3",
        "side-channel-map": "^1.0.1"
      },
      "engines": {
        "node": ">= 0.4"
      },
      "funding": {
        "url": "https://github.com/sponsors/ljharb"
      }
    },
    "node_modules/source-map": {
      "version": "0.6.1",
      "resolved": "https://registry.npmjs.org/source-map/-/source-map-0.6.1.tgz",
      "integrity": "sha512-UjgapumWlbMhkBgzT7Ykc5YXUT46F0iKu8SGXq0bcwP5dz/h0Plj6enJqjz1Zbq2l5WaqYnrVbwWOWMyF3F47g==",
      "license": "BSD-3-Clause",
      "engines": {
        "node": ">=0.10.0"
      }
    },
    "node_modules/source-map-support": {
      "version": "0.5.21",
      "resolved": "https://registry.npmjs.org/source-map-support/-/source-map-support-0.5.21.tgz",
      "integrity": "sha512-uBHU3L3czsIyYXKX88fdrGovxdSCoTGDRZ6SYXtSRxLZUzHg5P/66Ht6uoUlHu9EZod+inXhKo3qQgwXUT/y1w==",
      "license": "MIT",
      "dependencies": {
        "buffer-from": "^1.0.0",
        "source-map": "^0.6.0"
      }
    },
    "node_modules/statuses": {
      "version": "2.0.2",
      "resolved": "https://registry.npmjs.org/statuses/-/statuses-2.0.2.tgz",
      "integrity": "sha512-DvEy55V3DB7uknRo+4iOGT5fP1slR8wQohVdknigZPMpMstaKJQWhwiYBACJE3Ul2pTnATihhBYnRhZQHGBiRw==",
      "license": "MIT",
      "engines": {
        "node": ">= 0.8"
      }
    },
    "node_modules/timers-ext": {
      "version": "0.1.8",
      "resolved": "https://registry.npmjs.org/timers-ext/-/timers-ext-0.1.8.tgz",
      "integrity": "sha512-wFH7+SEAcKfJpfLPkrgMPvvwnEtj8W4IurvEyrKsDleXnKLCDw71w8jltvfLa8Rm4qQxxT4jmDBYbJG/z7qoww==",
      "license": "ISC",
      "dependencies": {
        "es5-ext": "^0.10.64",
        "next-tick": "^1.1.0"
      },
      "engines": {
        "node": ">=0.12"
      }
    },
    "node_modules/toidentifier": {
      "version": "1.0.1",
      "resolved": "https://registry.npmjs.org/toidentifier/-/toidentifier-1.0.1.tgz",
      "integrity": "sha512-o5sSPKEkg/DIQNmH43V0/uerLrpzVedkUh8tGNvaeXpfpuwjKenlSox/2O/BTlZUtEe+JG7s5YhEz608PlAHRA==",
      "license": "MIT",
      "engines": {
        "node": ">=0.6"
      }
    },
    "node_modules/ts-node": {
      "version": "10.9.2",
      "resolved": "https://registry.npmjs.org/ts-node/-/ts-node-10.9.2.tgz",
      "integrity": "sha512-f0FFpIdcHgn8zcPSbf1dRevwt047YMnaiJM3u2w2RewrB+fob/zePZcrOyQoLMMO7aBIddLcQIEK5dYjkLnGrQ==",
      "license": "MIT",
      "dependencies": {
        "@cspotcode/source-map-support": "^0.8.0",
        "@tsconfig/node10": "^1.0.7",
        "@tsconfig/node12": "^1.0.7",
        "@tsconfig/node14": "^1.0.0",
        "@tsconfig/node16": "^1.0.2",
        "acorn": "^8.4.1",
        "acorn-walk": "^8.1.1",
        "arg": "^4.1.0",
        "create-require": "^1.1.0",
        "diff": "^4.0.1",
        "make-error": "^1.1.1",
        "v8-compile-cache-lib": "^3.0.1",
        "yn": "3.1.1"
      },
      "bin": {
        "ts-node": "dist/bin.js",
        "ts-node-cwd": "dist/bin-cwd.js",
        "ts-node-esm": "dist/bin-esm.js",
        "ts-node-script": "dist/bin-script.js",
        "ts-node-transpile-only": "dist/bin-transpile.js",
        "ts-script": "dist/bin-script-deprecated.js"
      },
      "peerDependencies": {
        "@swc/core": ">=1.2.50",
        "@swc/wasm": ">=1.2.50",
        "@types/node": "*",
        "typescript": ">=2.7"
      },
      "peerDependenciesMeta": {
        "@swc/core": {
          "optional": true
        },
        "@swc/wasm": {
          "optional": true
        }
      }
    },
    "node_modules/tsx": {
      "version": "4.20.3",
      "resolved": "https://registry.npmjs.org/tsx/-/tsx-4.20.3.tgz",
      "integrity": "sha512-qjbnuR9Tr+FJOMBqJCW5ehvIo/buZq7vH7qD7JziU98h6l3qGy0a/yPFjwO+y0/T7GFpNgNAvEcPPVfyT8rrPQ==",
      "license": "MIT",
      "dependencies": {
        "esbuild": "~0.25.0",
        "get-tsconfig": "^4.7.5"
      },
      "bin": {
        "tsx": "dist/cli.mjs"
      },
      "engines": {
        "node": ">=18.0.0"
      },
      "optionalDependencies": {
        "fsevents": "~2.3.3"
      }
    },
    "node_modules/type": {
      "version": "2.7.3",
      "resolved": "https://registry.npmjs.org/type/-/type-2.7.3.tgz",
      "integrity": "sha512-8j+1QmAbPvLZow5Qpi6NCaN8FB60p/6x8/vfNqOk/hC+HuvFZhL4+WfekuhQLiqFZXOgQdrs3B+XxEmCc6b3FQ==",
      "license": "ISC"
    },
    "node_modules/type-is": {
      "version": "2.0.1",
      "resolved": "https://registry.npmjs.org/type-is/-/type-is-2.0.1.tgz",
      "integrity": "sha512-OZs6gsjF4vMp32qrCbiVSkrFmXtG/AZhY3t0iAMrMBiAZyV9oALtXO8hsrHbMXF9x6L3grlFuwW2oAz7cav+Gw==",
      "license": "MIT",
      "dependencies": {
        "content-type": "^1.0.5",
        "media-typer": "^1.1.0",
        "mime-types": "^3.0.0"
      },
      "engines": {
        "node": ">= 0.6"
      }
    },
    "node_modules/typescript": {
      "version": "5.8.3",
      "resolved": "https://registry.npmjs.org/typescript/-/typescript-5.8.3.tgz",
      "integrity": "sha512-p1diW6TqL9L07nNxvRMM7hMMw4c5XOo/1ibL4aAIGmSAt9slTE1Xgw5KWuof2uTOvCg9BY7ZRi+GaF+7sfgPeQ==",
      "license": "Apache-2.0",
      "bin": {
        "tsc": "bin/tsc",
        "tsserver": "bin/tsserver"
      },
      "engines": {
        "node": ">=14.17"
      }
    },
    "node_modules/undici-types": {
      "version": "6.21.0",
      "resolved": "https://registry.npmjs.org/undici-types/-/undici-types-6.21.0.tgz",
      "integrity": "sha512-iwDZqg0QAGrg9Rav5H4n0M64c3mkR59cJ6wQp+7C4nI0gsmExaedaYLNO44eT4AtBBwjbTiGPMlt2Md0T9H9JQ==",
      "license": "MIT"
    },
    "node_modules/unpipe": {
      "version": "1.0.0",
      "resolved": "https://registry.npmjs.org/unpipe/-/unpipe-1.0.0.tgz",
      "integrity": "sha512-pjy2bYhSsufwWlKwPc+l3cN7+wuJlK6uz0YdJEOlQDbl6jo/YlPi4mb8agUkVC8BF7V8NuzeyPNqRksA3hztKQ==",
      "license": "MIT",
      "engines": {
        "node": ">= 0.8"
      }
    },
    "node_modules/v8-compile-cache-lib": {
      "version": "3.0.1",
      "resolved": "https://registry.npmjs.org/v8-compile-cache-lib/-/v8-compile-cache-lib-3.0.1.tgz",
      "integrity": "sha512-wa7YjyUGfNZngI/vtK0UHAN+lgDCxBPCylVXGp0zu59Fz5aiGtNXaq3DhIov063MorB+VfufLh3JlF2KdTK3xg==",
      "license": "MIT"
    },
    "node_modules/vary": {
      "version": "1.1.2",
      "resolved": "https://registry.npmjs.org/vary/-/vary-1.1.2.tgz",
      "integrity": "sha512-BNGbWLfd0eUPabhkXUVm0j8uuvREyTh5ovRa/dyow/BqAbZJyC+5fU+IzQOzmAKzYqYRAISoRhdQr3eIZ/PXqg==",
      "license": "MIT",
      "engines": {
        "node": ">= 0.8"
      }
    },
    "node_modules/wrappy": {
      "version": "1.0.2",
      "resolved": "https://registry.npmjs.org/wrappy/-/wrappy-1.0.2.tgz",
      "integrity": "sha512-l4Sp/DRseor9wL6EvV2+TuQn63dMkPjZ/sp9XkghTEbV9KlPS1xUsZ3u7/IQO4wxtcFB4bgpQPRcR3QCvezPcQ==",
      "license": "ISC"
    },
    "node_modules/ws": {
      "version": "8.18.3",
      "resolved": "https://registry.npmjs.org/ws/-/ws-8.18.3.tgz",
      "integrity": "sha512-PEIGCY5tSlUt50cqyMXfCzX+oOPqN0vuGqWzbcJ2xvnkzkq46oOpz7dQaTDBdfICb4N14+GARUDw2XV2N4tvzg==",
      "license": "MIT",
      "engines": {
        "node": ">=10.0.0"
      },
      "peerDependencies": {
        "bufferutil": "^4.0.1",
        "utf-8-validate": ">=5.0.2"
      },
      "peerDependenciesMeta": {
        "bufferutil": {
          "optional": true
        },
        "utf-8-validate": {
          "optional": true
        }
      }
    },
    "node_modules/xtend": {
      "version": "4.0.2",
      "resolved": "https://registry.npmjs.org/xtend/-/xtend-4.0.2.tgz",
      "integrity": "sha512-LKYU1iAXJXUgAXn9URjiu+MWhyUXHsvfp7mcuYm9dSUKK0/CjtrUwFAxD82/mCWbtLsGjFIad0wIsod4zrTAEQ==",
      "license": "MIT",
      "engines": {
        "node": ">=0.4"
      }
    },
    "node_modules/yn": {
      "version": "3.1.1",
      "resolved": "https://registry.npmjs.org/yn/-/yn-3.1.1.tgz",
      "integrity": "sha512-Ux4ygGWsu2c7isFWe8Yu1YluJmqVhxqK2cLXNQA5AcC3QfbGNpM7fu0Y8b/z16pXLnFxZYvWhd3fhBY9DLmC6Q==",
      "license": "MIT",
      "engines": {
        "node": ">=6"
      }
    }
  }
}
