{
  "name": "workspace",
  "version": "1.0.0",
  "main": "script.js",
  "scripts": {
    "test": "echo \"Error: no test specified\" && exit 1"
  },
  "keywords": [],
  "author": "",
  "license": "ISC",
  "description": "",
  "dependencies": {
    "@neondatabase/serverless": "^1.0.1",
    "@types/cors": "^2.8.19",
    "@types/express": "^5.0.3",
    "@types/memoizee": "^0.4.12",
    "@types/ws": "^8.18.1",
    "cors": "^2.8.5",
    "drizzle-kit": "^0.31.4",
    "drizzle-orm": "^0.44.3",
    "express": "^5.1.0",
    "memoizee": "^0.4.17",
    "openid-client": "^6.6.2",
    "ts-node": "^10.9.2",
    "tsx": "^4.20.3",
    "typescript": "^5.8.3",
    "ws": "^8.18.3"
  }
}
